solid tape_ring
 facet normal 0.9987954562051723 0.04906767432741814 0.0
  outer loop
   vertex 0.02 0.0 -0.007
   vertex 0.019903694533443938 0.001960342806591212 -0.007
   vertex 0.019903694533443938 0.001960342806591212 0.007
  endloop
 endfacet
 facet normal 0.9987954562051723 0.04906767432741814 -0.0
  outer loop
   vertex 0.02 0.0 -0.007
   vertex 0.019903694533443938 0.001960342806591212 0.007
   vertex 0.02 0.0 0.007
  endloop
 endfacet
 facet normal -0.9987954562051723 -0.04906767432741814 0.0
  outer loop
   vertex 0.01 0.0 -0.007
   vertex 0.01 0.0 0.007
   vertex 0.009951847266721969 0.000980171403295606 0.007
  endloop
 endfacet
 facet normal -0.9987954562051723 -0.04906767432741814 0.0
  outer loop
   vertex 0.01 0.0 -0.007
   vertex 0.009951847266721969 0.000980171403295606 0.007
   vertex 0.009951847266721969 0.000980171403295606 -0.007
  endloop
 endfacet
 facet normal 0.0 0.0 1.0
  outer loop
   vertex 0.01 0.0 0.007
   vertex 0.02 0.0 0.007
   vertex 0.019903694533443938 0.001960342806591212 0.007
  endloop
 endfacet
 facet normal 0.0 -0.0 1.0
  outer loop
   vertex 0.01 0.0 0.007
   vertex 0.019903694533443938 0.001960342806591212 0.007
   vertex 0.009951847266721969 0.000980171403295606 0.007
  endloop
 endfacet
 facet normal 0.0 0.0 -1.0
  outer loop
   vertex 0.01 0.0 -0.007
   vertex 0.019903694533443938 0.001960342806591212 -0.007
   vertex 0.02 0.0 -0.007
  endloop
 endfacet
 facet normal 0.0 0.0 -1.0
  outer loop
   vertex 0.01 0.0 -0.007
   vertex 0.009951847266721969 0.000980171403295606 -0.007
   vertex 0.019903694533443938 0.001960342806591212 -0.007
  endloop
 endfacet
 facet normal 0.989176509964781 0.14673047445536147 0.0
  outer loop
   vertex 0.019903694533443938 0.001960342806591212 -0.007
   vertex 0.01961570560806461 0.003901806440322565 -0.007
   vertex 0.01961570560806461 0.003901806440322565 0.007
  endloop
 endfacet
 facet normal 0.989176509964781 0.14673047445536147 -0.0
  outer loop
   vertex 0.019903694533443938 0.001960342806591212 -0.007
   vertex 0.01961570560806461 0.003901806440322565 0.007
   vertex 0.019903694533443938 0.001960342806591212 0.007
  endloop
 endfacet
 facet normal -0.989176509964781 -0.14673047445536147 0.0
  outer loop
   vertex 0.009951847266721969 0.000980171403295606 -0.007
   vertex 0.009951847266721969 0.000980171403295606 0.007
   vertex 0.009807852804032305 0.0019509032201612826 0.007
  endloop
 endfacet
 facet normal -0.989176509964781 -0.14673047445536147 0.0
  outer loop
   vertex 0.009951847266721969 0.000980171403295606 -0.007
   vertex 0.009807852804032305 0.0019509032201612826 0.007
   vertex 0.009807852804032305 0.0019509032201612826 -0.007
  endloop
 endfacet
 facet normal 0.0 0.0 1.0
  outer loop
   vertex 0.009951847266721969 0.000980171403295606 0.007
   vertex 0.019903694533443938 0.001960342806591212 0.007
   vertex 0.01961570560806461 0.003901806440322565 0.007
  endloop
 endfacet
 facet normal 0.0 -0.0 1.0
  outer loop
   vertex 0.009951847266721969 0.000980171403295606 0.007
   vertex 0.01961570560806461 0.003901806440322565 0.007
   vertex 0.009807852804032305 0.0019509032201612826 0.007
  endloop
 endfacet
 facet normal 0.0 0.0 -1.0
  outer loop
   vertex 0.009951847266721969 0.000980171403295606 -0.007
   vertex 0.01961570560806461 0.003901806440322565 -0.007
   vertex 0.019903694533443938 0.001960342806591212 -0.007
  endloop
 endfacet
 facet normal 0.0 0.0 -1.0
  outer loop
   vertex 0.009951847266721969 0.000980171403295606 -0.007
   vertex 0.009807852804032305 0.0019509032201612826 -0.007
   vertex 0.01961570560806461 0.003901806440322565 -0.007
  endloop
 endfacet
 facet normal 0.9700312531945441 0.24298017990326373 0.0
  outer loop
   vertex 0.01961570560806461 0.003901806440322565 -0.007
   vertex 0.01913880671464418 0.005805693545089247 -0.007
   vertex 0.01913880671464418 0.005805693545089247 0.007
  endloop
 endfacet
 facet normal 0.9700312531945441 0.24298017990326373 -0.0
  outer loop
   vertex 0.01961570560806461 0.003901806440322565 -0.007
   vertex 0.01913880671464418 0.005805693545089247 0.007
   vertex 0.01961570560806461 0.003901806440322565 0.007
  endloop
 endfacet
 facet normal -0.9700312531945441 -0.24298017990326373 0.0
  outer loop
   vertex 0.009807852804032305 0.0019509032201612826 -0.007
   vertex 0.009807852804032305 0.0019509032201612826 0.007
   vertex 0.00956940335732209 0.0029028467725446235 0.007
  endloop
 endfacet
 facet normal -0.9700312531945441 -0.24298017990326373 0.0
  outer loop
   vertex 0.009807852804032305 0.0019509032201612826 -0.007
   vertex 0.00956940335732209 0.0029028467725446235 0.007
   vertex 0.00956940335732209 0.0029028467725446235 -0.007
  endloop
 endfacet
 facet normal 0.0 0.0 1.0
  outer loop
   vertex 0.009807852804032305 0.0019509032201612826 0.007
   vertex 0.01961570560806461 0.003901806440322565 0.007
   vertex 0.01913880671464418 0.005805693545089247 0.007
  endloop
 endfacet
 facet normal 0.0 -0.0 1.0
  outer loop
   vertex 0.009807852804032305 0.0019509032201612826 0.007
   vertex 0.01913880671464418 0.005805693545089247 0.007
   vertex 0.00956940335732209 0.0029028467725446235 0.007
  endloop
 endfacet
 facet normal 0.0 0.0 -1.0
  outer loop
   vertex 0.009807852804032305 0.0019509032201612826 -0.007
   vertex 0.01913880671464418 0.005805693545089247 -0.007
   vertex 0.01961570560806461 0.003901806440322565 -0.007
  endloop
 endfacet
 facet normal 0.0 0.0 -1.0
  outer loop
   vertex 0.009807852804032305 0.0019509032201612826 -0.007
   vertex 0.00956940335732209 0.0029028467725446235 -0.007
   vertex 0.01913880671464418 0.005805693545089247 -0.007
  endloop
 endfacet
 facet normal 0.9415440651830209 0.33688985339221983 0.0
  outer loop
   vertex 0.01913880671464418 0.005805693545089247 -0.007
   vertex 0.018477590650225736 0.007653668647301796 -0.007
   vertex 0.018477590650225736 0.007653668647301796 0.007
  endloop
 endfacet
 facet normal 0.9415440651830209 0.33688985339221983 -0.0
  outer loop
   vertex 0.01913880671464418 0.005805693545089247 -0.007
   vertex 0.018477590650225736 0.007653668647301796 0.007
   vertex 0.01913880671464418 0.005805693545089247 0.007
  endloop
 endfacet
 facet normal -0.9415440651830209 -0.33688985339221983 0.0
  outer loop
   vertex 0.00956940335732209 0.0029028467725446235 -0.007
   vertex 0.00956940335732209 0.0029028467725446235 0.007
   vertex 0.009238795325112868 0.003826834323650898 0.007
  endloop
 endfacet
 facet normal -0.9415440651830209 -0.33688985339221983 0.0
  outer loop
   vertex 0.00956940335732209 0.0029028467725446235 -0.007
   vertex 0.009238795325112868 0.003826834323650898 0.007
   vertex 0.009238795325112868 0.003826834323650898 -0.007
  endloop
 endfacet
 facet normal 0.0 0.0 1.0
  outer loop
   vertex 0.00956940335732209 0.0029028467725446235 0.007
   vertex 0.01913880671464418 0.005805693545089247 0.007
   vertex 0.018477590650225736 0.007653668647301796 0.007
  endloop
 endfacet
 facet normal 0.0 -0.0 1.0
  outer loop
   vertex 0.00956940335732209 0.0029028467725446235 0.007
   vertex 0.018477590650225736 0.007653668647301796 0.007
   vertex 0.009238795325112868 0.003826834323650898 0.007
  endloop
 endfacet
 facet normal 0.0 0.0 -1.0
  outer loop
   vertex 0.00956940335732209 0.0029028467725446235 -0.007
   vertex 0.018477590650225736 0.007653668647301796 -0.007
   vertex 0.01913880671464418 0.005805693545089247 -0.007
  endloop
 endfacet
 facet normal 0.0 0.0 -1.0
  outer loop
   vertex 0.00956940335732209 0.0029028467725446235 -0.007
   vertex 0.009238795325112868 0.003826834323650898 -0.007
   vertex 0.018477590650225736 0.007653668647301796 -0.007
  endloop
 endfacet
 facet normal 0.9039892931234434 0.4275550934302821 0.0
  outer loop
   vertex 0.018477590650225736 0.007653668647301796 -0.007
   vertex 0.017638425286967102 0.009427934736519953 -0.007
   vertex 0.017638425286967102 0.009427934736519953 0.007
  endloop
 endfacet
 facet normal 0.9039892931234434 0.4275550934302821 -0.0
  outer loop
   vertex 0.018477590650225736 0.007653668647301796 -0.007
   vertex 0.017638425286967102 0.009427934736519953 0.007
   vertex 0.018477590650225736 0.007653668647301796 0.007
  endloop
 endfacet
 facet normal -0.9039892931234434 -0.4275550934302821 0.0
  outer loop
   vertex 0.009238795325112868 0.003826834323650898 -0.007
   vertex 0.009238795325112868 0.003826834323650898 0.007
   vertex 0.008819212643483551 0.004713967368259977 0.007
  endloop
 endfacet
 facet normal -0.9039892931234434 -0.4275550934302821 0.0
  outer loop
   vertex 0.009238795325112868 0.003826834323650898 -0.007
   vertex 0.008819212643483551 0.004713967368259977 0.007
   vertex 0.008819212643483551 0.004713967368259977 -0.007
  endloop
 endfacet
 facet normal 0.0 0.0 1.0
  outer loop
   vertex 0.009238795325112868 0.003826834323650898 0.007
   vertex 0.018477590650225736 0.007653668647301796 0.007
   vertex 0.017638425286967102 0.009427934736519953 0.007
  endloop
 endfacet
 facet normal 0.0 -0.0 1.0
  outer loop
   vertex 0.009238795325112868 0.003826834323650898 0.007
   vertex 0.017638425286967102 0.009427934736519953 0.007
   vertex 0.008819212643483551 0.004713967368259977 0.007
  endloop
 endfacet
 facet normal 0.0 0.0 -1.0
  outer loop
   vertex 0.009238795325112868 0.003826834323650898 -0.007
   vertex 0.017638425286967102 0.009427934736519953 -0.007
   vertex 0.018477590650225736 0.007653668647301796 -0.007
  endloop
 endfacet
 facet normal 0.0 0.0 -1.0
  outer loop
   vertex 0.009238795325112868 0.003826834323650898 -0.007
   vertex 0.008819212643483551 0.004713967368259977 -0.007
   vertex 0.017638425286967102 0.009427934736519953 -0.007
  endloop
 endfacet
 facet normal 0.8577286100002716 0.5141027441932224 0.0
  outer loop
   vertex 0.017638425286967102 0.009427934736519953 -0.007
   vertex 0.016629392246050905 0.011111404660392043 -0.007
   vertex 0.016629392246050905 0.011111404660392043 0.007
  endloop
 endfacet
 facet normal 0.8577286100002716 0.5141027441932224 -0.0
  outer loop
   vertex 0.017638425286967102 0.009427934736519953 -0.007
   vertex 0.016629392246050905 0.011111404660392043 0.007
   vertex 0.017638425286967102 0.009427934736519953 0.007
  endloop
 endfacet
 facet normal -0.8577286100002716 -0.5141027441932224 0.0
  outer loop
   vertex 0.008819212643483551 0.004713967368259977 -0.007
   vertex 0.008819212643483551 0.004713967368259977 0.007
   vertex 0.008314696123025453 0.005555702330196022 0.007
  endloop
 endfacet
 facet normal -0.8577286100002716 -0.5141027441932224 0.0
  outer loop
   vertex 0.008819212643483551 0.004713967368259977 -0.007
   vertex 0.008314696123025453 0.005555702330196022 0.007
   vertex 0.008314696123025453 0.005555702330196022 -0.007
  endloop
 endfacet
 facet normal 0.0 0.0 1.0
  outer loop
   vertex 0.008819212643483551 0.004713967368259977 0.007
   vertex 0.017638425286967102 0.009427934736519953 0.007
   vertex 0.016629392246050905 0.011111404660392043 0.007
  endloop
 endfacet
 facet normal 0.0 -0.0 1.0
  outer loop
   vertex 0.008819212643483551 0.004713967368259977 0.007
   vertex 0.016629392246050905 0.011111404660392043 0.007
   vertex 0.008314696123025453 0.005555702330196022 0.007
  endloop
 endfacet
 facet normal 0.0 0.0 -1.0
  outer loop
   vertex 0.008819212643483551 0.004713967368259977 -0.007
   vertex 0.016629392246050905 0.011111404660392043 -0.007
   vertex 0.017638425286967102 0.009427934736519953 -0.007
  endloop
 endfacet
 facet normal 0.0 0.0 -1.0
  outer loop
   vertex 0.008819212643483551 0.004713967368259977 -0.007
   vertex 0.008314696123025453 0.005555702330196022 -0.007
   vertex 0.016629392246050905 0.011111404660392043 -0.007
  endloop
 endfacet
 facet normal 0.8032075314806455 0.5956993044924327 0.0
  outer loop
   vertex 0.016629392246050905 0.011111404660392043 -0.007
   vertex 0.01546020906725474 0.01268786568327291 -0.007
   vertex 0.01546020906725474 0.01268786568327291 0.007
  endloop
 endfacet
 facet normal 0.8032075314806455 0.5956993044924327 -0.0
  outer loop
   vertex 0.016629392246050905 0.011111404660392043 -0.007
   vertex 0.01546020906725474 0.01268786568327291 0.007
   vertex 0.016629392246050905 0.011111404660392043 0.007
  endloop
 endfacet
 facet normal -0.8032075314806455 -0.5956993044924327 0.0
  outer loop
   vertex 0.008314696123025453 0.005555702330196022 -0.007
   vertex 0.008314696123025453 0.005555702330196022 0.007
   vertex 0.00773010453362737 0.006343932841636455 0.007
  endloop
 endfacet
 facet normal -0.8032075314806455 -0.5956993044924327 0.0
  outer loop
   vertex 0.008314696123025453 0.005555702330196022 -0.007
   vertex 0.00773010453362737 0.006343932841636455 0.007
   vertex 0.00773010453362737 0.006343932841636455 -0.007
  endloop
 endfacet
 facet normal 0.0 0.0 1.0
  outer loop
   vertex 0.008314696123025453 0.005555702330196022 0.007
   vertex 0.016629392246050905 0.011111404660392043 0.007
   vertex 0.01546020906725474 0.01268786568327291 0.007
  endloop
 endfacet
 facet normal 0.0 -0.0 1.0
  outer loop
   vertex 0.008314696123025453 0.005555702330196022 0.007
   vertex 0.01546020906725474 0.01268786568327291 0.007
   vertex 0.00773010453362737 0.006343932841636455 0.007
  endloop
 endfacet
 facet normal 0.0 0.0 -1.0
  outer loop
   vertex 0.008314696123025453 0.005555702330196022 -0.007
   vertex 0.01546020906725474 0.01268786568327291 -0.007
   vertex 0.016629392246050905 0.011111404660392043 -0.007
  endloop
 endfacet
 facet normal 0.0 0.0 -1.0
  outer loop
   vertex 0.008314696123025453 0.005555702330196022 -0.007
   vertex 0.00773010453362737 0.006343932841636455 -0.007
   vertex 0.01546020906725474 0.01268786568327291 -0.007
  endloop
 endfacet
 facet normal 0.7409511253549589 0.6715589548470188 0.0
  outer loop
   vertex 0.01546020906725474 0.01268786568327291 -0.007
   vertex 0.014142135623730952 0.014142135623730949 -0.007
   vertex 0.014142135623730952 0.014142135623730949 0.007
  endloop
 endfacet
 facet normal 0.7409511253549589 0.6715589548470188 -0.0
  outer loop
   vertex 0.01546020906725474 0.01268786568327291 -0.007
   vertex 0.014142135623730952 0.014142135623730949 0.007
   vertex 0.01546020906725474 0.01268786568327291 0.007
  endloop
 endfacet
 facet normal -0.7409511253549589 -0.6715589548470188 0.0
  outer loop
   vertex 0.00773010453362737 0.006343932841636455 -0.007
   vertex 0.00773010453362737 0.006343932841636455 0.007
   vertex 0.007071067811865476 0.0070710678118654745 0.007
  endloop
 endfacet
 facet normal -0.7409511253549589 -0.6715589548470188 0.0
  outer loop
   vertex 0.00773010453362737 0.006343932841636455 -0.007
   vertex 0.007071067811865476 0.0070710678118654745 0.007
   vertex 0.007071067811865476 0.0070710678118654745 -0.007
  endloop
 endfacet
 facet normal 0.0 0.0 1.0
  outer loop
   vertex 0.00773010453362737 0.006343932841636455 0.007
   vertex 0.01546020906725474 0.01268786568327291 0.007
   vertex 0.014142135623730952 0.014142135623730949 0.007
  endloop
 endfacet
 facet normal 0.0 -0.0 1.0
  outer loop
   vertex 0.00773010453362737 0.006343932841636455 0.007
   vertex 0.014142135623730952 0.014142135623730949 0.007
   vertex 0.007071067811865476 0.0070710678118654745 0.007
  endloop
 endfacet
 facet normal 0.0 0.0 -1.0
  outer loop
   vertex 0.00773010453362737 0.006343932841636455 -0.007
   vertex 0.014142135623730952 0.014142135623730949 -0.007
   vertex 0.01546020906725474 0.01268786568327291 -0.007
  endloop
 endfacet
 facet normal 0.0 0.0 -1.0
  outer loop
   vertex 0.00773010453362737 0.006343932841636455 -0.007
   vertex 0.007071067811865476 0.0070710678118654745 -0.007
   vertex 0.014142135623730952 0.014142135623730949 -0.007
  endloop
 endfacet
 facet normal 0.6715589548470189 0.7409511253549588 0.0
  outer loop
   vertex 0.014142135623730952 0.014142135623730949 -0.007
   vertex 0.01268786568327291 0.01546020906725474 -0.007
   vertex 0.01268786568327291 0.01546020906725474 0.007
  endloop
 endfacet
 facet normal 0.6715589548470189 0.7409511253549588 -0.0
  outer loop
   vertex 0.014142135623730952 0.014142135623730949 -0.007
   vertex 0.01268786568327291 0.01546020906725474 0.007
   vertex 0.014142135623730952 0.014142135623730949 0.007
  endloop
 endfacet
 facet normal -0.6715589548470189 -0.7409511253549588 0.0
  outer loop
   vertex 0.007071067811865476 0.0070710678118654745 -0.007
   vertex 0.007071067811865476 0.0070710678118654745 0.007
   vertex 0.006343932841636455 0.00773010453362737 0.007
  endloop
 endfacet
 facet normal -0.6715589548470189 -0.7409511253549588 0.0
  outer loop
   vertex 0.007071067811865476 0.0070710678118654745 -0.007
   vertex 0.006343932841636455 0.00773010453362737 0.007
   vertex 0.006343932841636455 0.00773010453362737 -0.007
  endloop
 endfacet
 facet normal 0.0 0.0 1.0
  outer loop
   vertex 0.007071067811865476 0.0070710678118654745 0.007
   vertex 0.014142135623730952 0.014142135623730949 0.007
   vertex 0.01268786568327291 0.01546020906725474 0.007
  endloop
 endfacet
 facet normal 0.0 -0.0 1.0
  outer loop
   vertex 0.007071067811865476 0.0070710678118654745 0.007
   vertex 0.01268786568327291 0.01546020906725474 0.007
   vertex 0.006343932841636455 0.00773010453362737 0.007
  endloop
 endfacet
 facet normal 0.0 0.0 -1.0
  outer loop
   vertex 0.007071067811865476 0.0070710678118654745 -0.007
   vertex 0.01268786568327291 0.01546020906725474 -0.007
   vertex 0.014142135623730952 0.014142135623730949 -0.007
  endloop
 endfacet
 facet normal 0.0 0.0 -1.0
  outer loop
   vertex 0.007071067811865476 0.0070710678118654745 -0.007
   vertex 0.006343932841636455 0.00773010453362737 -0.007
   vertex 0.01268786568327291 0.01546020906725474 -0.007
  endloop
 endfacet
 facet normal 0.5956993044924335 0.8032075314806448 0.0
  outer loop
   vertex 0.01268786568327291 0.01546020906725474 -0.007
   vertex 0.011111404660392047 0.016629392246050905 -0.007
   vertex 0.011111404660392047 0.016629392246050905 0.007
  endloop
 endfacet
 facet normal 0.5956993044924335 0.8032075314806448 -0.0
  outer loop
   vertex 0.01268786568327291 0.01546020906725474 -0.007
   vertex 0.011111404660392047 0.016629392246050905 0.007
   vertex 0.01268786568327291 0.01546020906725474 0.007
  endloop
 endfacet
 facet normal -0.5956993044924335 -0.8032075314806448 0.0
  outer loop
   vertex 0.006343932841636455 0.00773010453362737 -0.007
   vertex 0.006343932841636455 0.00773010453362737 0.007
   vertex 0.005555702330196023 0.008314696123025453 0.007
  endloop
 endfacet
 facet normal -0.5956993044924335 -0.8032075314806448 0.0
  outer loop
   vertex 0.006343932841636455 0.00773010453362737 -0.007
   vertex 0.005555702330196023 0.008314696123025453 0.007
   vertex 0.005555702330196023 0.008314696123025453 -0.007
  endloop
 endfacet
 facet normal 0.0 0.0 1.0
  outer loop
   vertex 0.006343932841636455 0.00773010453362737 0.007
   vertex 0.01268786568327291 0.01546020906725474 0.007
   vertex 0.011111404660392047 0.016629392246050905 0.007
  endloop
 endfacet
 facet normal 0.0 -0.0 1.0
  outer loop
   vertex 0.006343932841636455 0.00773010453362737 0.007
   vertex 0.011111404660392047 0.016629392246050905 0.007
   vertex 0.005555702330196023 0.008314696123025453 0.007
  endloop
 endfacet
 facet normal 0.0 0.0 -1.0
  outer loop
   vertex 0.006343932841636455 0.00773010453362737 -0.007
   vertex 0.011111404660392047 0.016629392246050905 -0.007
   vertex 0.01268786568327291 0.01546020906725474 -0.007
  endloop
 endfacet
 facet normal 0.0 0.0 -1.0
  outer loop
   vertex 0.006343932841636455 0.00773010453362737 -0.007
   vertex 0.005555702330196023 0.008314696123025453 -0.007
   vertex 0.011111404660392047 0.016629392246050905 -0.007
  endloop
 endfacet
 facet normal 0.5141027441932212 0.8577286100002725 0.0
  outer loop
   vertex 0.011111404660392047 0.016629392246050905 -0.007
   vertex 0.009427934736519957 0.0176384252869671 -0.007
   vertex 0.009427934736519957 0.0176384252869671 0.007
  endloop
 endfacet
 facet normal 0.5141027441932212 0.8577286100002725 -0.0
  outer loop
   vertex 0.011111404660392047 0.016629392246050905 -0.007
   vertex 0.009427934736519957 0.0176384252869671 0.007
   vertex 0.011111404660392047 0.016629392246050905 0.007
  endloop
 endfacet
 facet normal -0.5141027441932212 -0.8577286100002725 0.0
  outer loop
   vertex 0.005555702330196023 0.008314696123025453 -0.007
   vertex 0.005555702330196023 0.008314696123025453 0.007
   vertex 0.004713967368259978 0.00881921264348355 0.007
  endloop
 endfacet
 facet normal -0.5141027441932212 -0.8577286100002725 0.0
  outer loop
   vertex 0.005555702330196023 0.008314696123025453 -0.007
   vertex 0.004713967368259978 0.00881921264348355 0.007
   vertex 0.004713967368259978 0.00881921264348355 -0.007
  endloop
 endfacet
 facet normal 0.0 0.0 1.0
  outer loop
   vertex 0.005555702330196023 0.008314696123025453 0.007
   vertex 0.011111404660392047 0.016629392246050905 0.007
   vertex 0.009427934736519957 0.0176384252869671 0.007
  endloop
 endfacet
 facet normal 0.0 -0.0 1.0
  outer loop
   vertex 0.005555702330196023 0.008314696123025453 0.007
   vertex 0.009427934736519957 0.0176384252869671 0.007
   vertex 0.004713967368259978 0.00881921264348355 0.007
  endloop
 endfacet
 facet normal 0.0 0.0 -1.0
  outer loop
   vertex 0.005555702330196023 0.008314696123025453 -0.007
   vertex 0.009427934736519957 0.0176384252869671 -0.007
   vertex 0.011111404660392047 0.016629392246050905 -0.007
  endloop
 endfacet
 facet normal 0.0 0.0 -1.0
  outer loop
   vertex 0.005555702330196023 0.008314696123025453 -0.007
   vertex 0.004713967368259978 0.00881921264348355 -0.007
   vertex 0.009427934736519957 0.0176384252869671 -0.007
  endloop
 endfacet
 facet normal 0.4275550934302831 0.903989293123443 0.0
  outer loop
   vertex 0.009427934736519957 0.0176384252869671 -0.007
   vertex 0.007653668647301797 0.018477590650225736 -0.007
   vertex 0.007653668647301797 0.018477590650225736 0.007
  endloop
 endfacet
 facet normal 0.4275550934302831 0.903989293123443 -0.0
  outer loop
   vertex 0.009427934736519957 0.0176384252869671 -0.007
   vertex 0.007653668647301797 0.018477590650225736 0.007
   vertex 0.009427934736519957 0.0176384252869671 0.007
  endloop
 endfacet
 facet normal -0.4275550934302831 -0.903989293123443 0.0
  outer loop
   vertex 0.004713967368259978 0.00881921264348355 -0.007
   vertex 0.004713967368259978 0.00881921264348355 0.007
   vertex 0.0038268343236508985 0.009238795325112868 0.007
  endloop
 endfacet
 facet normal -0.4275550934302831 -0.903989293123443 0.0
  outer loop
   vertex 0.004713967368259978 0.00881921264348355 -0.007
   vertex 0.0038268343236508985 0.009238795325112868 0.007
   vertex 0.0038268343236508985 0.009238795325112868 -0.007
  endloop
 endfacet
 facet normal 0.0 0.0 1.0
  outer loop
   vertex 0.004713967368259978 0.00881921264348355 0.007
   vertex 0.009427934736519957 0.0176384252869671 0.007
   vertex 0.007653668647301797 0.018477590650225736 0.007
  endloop
 endfacet
 facet normal 0.0 -0.0 1.0
  outer loop
   vertex 0.004713967368259978 0.00881921264348355 0.007
   vertex 0.007653668647301797 0.018477590650225736 0.007
   vertex 0.0038268343236508985 0.009238795325112868 0.007
  endloop
 endfacet
 facet normal 0.0 0.0 -1.0
  outer loop
   vertex 0.004713967368259978 0.00881921264348355 -0.007
   vertex 0.007653668647301797 0.018477590650225736 -0.007
   vertex 0.009427934736519957 0.0176384252869671 -0.007
  endloop
 endfacet
 facet normal 0.0 0.0 -1.0
  outer loop
   vertex 0.004713967368259978 0.00881921264348355 -0.007
   vertex 0.0038268343236508985 0.009238795325112868 -0.007
   vertex 0.007653668647301797 0.018477590650225736 -0.007
  endloop
 endfacet
 facet normal 0.33688985339221966 0.9415440651830209 0.0
  outer loop
   vertex 0.007653668647301797 0.018477590650225736 -0.007
   vertex 0.005805693545089247 0.01913880671464418 -0.007
   vertex 0.005805693545089247 0.01913880671464418 0.007
  endloop
 endfacet
 facet normal 0.33688985339221966 0.9415440651830209 -0.0
  outer loop
   vertex 0.007653668647301797 0.018477590650225736 -0.007
   vertex 0.005805693545089247 0.01913880671464418 0.007
   vertex 0.007653668647301797 0.018477590650225736 0.007
  endloop
 endfacet
 facet normal -0.33688985339221966 -0.9415440651830209 0.0
  outer loop
   vertex 0.0038268343236508985 0.009238795325112868 -0.007
   vertex 0.0038268343236508985 0.009238795325112868 0.007
   vertex 0.0029028467725446235 0.00956940335732209 0.007
  endloop
 endfacet
 facet normal -0.33688985339221966 -0.9415440651830209 0.0
  outer loop
   vertex 0.0038268343236508985 0.009238795325112868 -0.007
   vertex 0.0029028467725446235 0.00956940335732209 0.007
   vertex 0.0029028467725446235 0.00956940335732209 -0.007
  endloop
 endfacet
 facet normal 0.0 0.0 1.0
  outer loop
   vertex 0.0038268343236508985 0.009238795325112868 0.007
   vertex 0.007653668647301797 0.018477590650225736 0.007
   vertex 0.005805693545089247 0.01913880671464418 0.007
  endloop
 endfacet
 facet normal 0.0 -0.0 1.0
  outer loop
   vertex 0.0038268343236508985 0.009238795325112868 0.007
   vertex 0.005805693545089247 0.01913880671464418 0.007
   vertex 0.0029028467725446235 0.00956940335732209 0.007
  endloop
 endfacet
 facet normal 0.0 0.0 -1.0
  outer loop
   vertex 0.0038268343236508985 0.009238795325112868 -0.007
   vertex 0.005805693545089247 0.01913880671464418 -0.007
   vertex 0.007653668647301797 0.018477590650225736 -0.007
  endloop
 endfacet
 facet normal 0.0 0.0 -1.0
  outer loop
   vertex 0.0038268343236508985 0.009238795325112868 -0.007
   vertex 0.0029028467725446235 0.00956940335732209 -0.007
   vertex 0.005805693545089247 0.01913880671464418 -0.007
  endloop
 endfacet
 facet normal 0.24298017990326393 0.970031253194544 0.0
  outer loop
   vertex 0.005805693545089247 0.01913880671464418 -0.007
   vertex 0.003901806440322567 0.01961570560806461 -0.007
   vertex 0.003901806440322567 0.01961570560806461 0.007
  endloop
 endfacet
 facet normal 0.24298017990326393 0.970031253194544 -0.0
  outer loop
   vertex 0.005805693545089247 0.01913880671464418 -0.007
   vertex 0.003901806440322567 0.01961570560806461 0.007
   vertex 0.005805693545089247 0.01913880671464418 0.007
  endloop
 endfacet
 facet normal -0.24298017990326393 -0.970031253194544 0.0
  outer loop
   vertex 0.0029028467725446235 0.00956940335732209 -0.007
   vertex 0.0029028467725446235 0.00956940335732209 0.007
   vertex 0.0019509032201612834 0.009807852804032305 0.007
  endloop
 endfacet
 facet normal -0.24298017990326393 -0.970031253194544 0.0
  outer loop
   vertex 0.0029028467725446235 0.00956940335732209 -0.007
   vertex 0.0019509032201612834 0.009807852804032305 0.007
   vertex 0.0019509032201612834 0.009807852804032305 -0.007
  endloop
 endfacet
 facet normal 0.0 0.0 1.0
  outer loop
   vertex 0.0029028467725446235 0.00956940335732209 0.007
   vertex 0.005805693545089247 0.01913880671464418 0.007
   vertex 0.003901806440322567 0.01961570560806461 0.007
  endloop
 endfacet
 facet normal 0.0 -0.0 1.0
  outer loop
   vertex 0.0029028467725446235 0.00956940335732209 0.007
   vertex 0.003901806440322567 0.01961570560806461 0.007
   vertex 0.0019509032201612834 0.009807852804032305 0.007
  endloop
 endfacet
 facet normal 0.0 0.0 -1.0
  outer loop
   vertex 0.0029028467725446235 0.00956940335732209 -0.007
   vertex 0.003901806440322567 0.01961570560806461 -0.007
   vertex 0.005805693545089247 0.01913880671464418 -0.007
  endloop
 endfacet
 facet normal 0.0 0.0 -1.0
  outer loop
   vertex 0.0029028467725446235 0.00956940335732209 -0.007
   vertex 0.0019509032201612834 0.009807852804032305 -0.007
   vertex 0.003901806440322567 0.01961570560806461 -0.007
  endloop
 endfacet
 facet normal 0.1467304744553616 0.989176509964781 0.0
  outer loop
   vertex 0.003901806440322567 0.01961570560806461 -0.007
   vertex 0.0019603428065912156 0.019903694533443938 -0.007
   vertex 0.0019603428065912156 0.019903694533443938 0.007
  endloop
 endfacet
 facet normal 0.1467304744553616 0.989176509964781 -0.0
  outer loop
   vertex 0.003901806440322567 0.01961570560806461 -0.007
   vertex 0.0019603428065912156 0.019903694533443938 0.007
   vertex 0.003901806440322567 0.01961570560806461 0.007
  endloop
 endfacet
 facet normal -0.1467304744553616 -0.989176509964781 0.0
  outer loop
   vertex 0.0019509032201612834 0.009807852804032305 -0.007
   vertex 0.0019509032201612834 0.009807852804032305 0.007
   vertex 0.0009801714032956078 0.009951847266721969 0.007
  endloop
 endfacet
 facet normal -0.1467304744553616 -0.989176509964781 0.0
  outer loop
   vertex 0.0019509032201612834 0.009807852804032305 -0.007
   vertex 0.0009801714032956078 0.009951847266721969 0.007
   vertex 0.0009801714032956078 0.009951847266721969 -0.007
  endloop
 endfacet
 facet normal 0.0 0.0 1.0
  outer loop
   vertex 0.0019509032201612834 0.009807852804032305 0.007
   vertex 0.003901806440322567 0.01961570560806461 0.007
   vertex 0.0019603428065912156 0.019903694533443938 0.007
  endloop
 endfacet
 facet normal 0.0 -0.0 1.0
  outer loop
   vertex 0.0019509032201612834 0.009807852804032305 0.007
   vertex 0.0019603428065912156 0.019903694533443938 0.007
   vertex 0.0009801714032956078 0.009951847266721969 0.007
  endloop
 endfacet
 facet normal 0.0 0.0 -1.0
  outer loop
   vertex 0.0019509032201612834 0.009807852804032305 -0.007
   vertex 0.0019603428065912156 0.019903694533443938 -0.007
   vertex 0.003901806440322567 0.01961570560806461 -0.007
  endloop
 endfacet
 facet normal 0.0 0.0 -1.0
  outer loop
   vertex 0.0019509032201612834 0.009807852804032305 -0.007
   vertex 0.0009801714032956078 0.009951847266721969 -0.007
   vertex 0.0019603428065912156 0.019903694533443938 -0.007
  endloop
 endfacet
 facet normal 0.049067674327418084 0.9987954562051723 0.0
  outer loop
   vertex 0.0019603428065912156 0.019903694533443938 -0.007
   vertex 1.2246467991473532e-18 0.02 -0.007
   vertex 1.2246467991473532e-18 0.02 0.007
  endloop
 endfacet
 facet normal 0.049067674327418084 0.9987954562051723 -0.0
  outer loop
   vertex 0.0019603428065912156 0.019903694533443938 -0.007
   vertex 1.2246467991473532e-18 0.02 0.007
   vertex 0.0019603428065912156 0.019903694533443938 0.007
  endloop
 endfacet
 facet normal -0.049067674327418084 -0.9987954562051723 0.0
  outer loop
   vertex 0.0009801714032956078 0.009951847266721969 -0.007
   vertex 0.0009801714032956078 0.009951847266721969 0.007
   vertex 6.123233995736766e-19 0.01 0.007
  endloop
 endfacet
 facet normal -0.049067674327418084 -0.9987954562051723 0.0
  outer loop
   vertex 0.0009801714032956078 0.009951847266721969 -0.007
   vertex 6.123233995736766e-19 0.01 0.007
   vertex 6.123233995736766e-19 0.01 -0.007
  endloop
 endfacet
 facet normal 0.0 -0.0 1.0
  outer loop
   vertex 0.0009801714032956078 0.009951847266721969 0.007
   vertex 0.0019603428065912156 0.019903694533443938 0.007
   vertex 1.2246467991473532e-18 0.02 0.007
  endloop
 endfacet
 facet normal 0.0 0.0 1.0
  outer loop
   vertex 0.0009801714032956078 0.009951847266721969 0.007
   vertex 1.2246467991473532e-18 0.02 0.007
   vertex 6.123233995736766e-19 0.01 0.007
  endloop
 endfacet
 facet normal 0.0 0.0 -1.0
  outer loop
   vertex 0.0009801714032956078 0.009951847266721969 -0.007
   vertex 1.2246467991473532e-18 0.02 -0.007
   vertex 0.0019603428065912156 0.019903694533443938 -0.007
  endloop
 endfacet
 facet normal 0.0 0.0 -1.0
  outer loop
   vertex 0.0009801714032956078 0.009951847266721969 -0.007
   vertex 6.123233995736766e-19 0.01 -0.007
   vertex 1.2246467991473532e-18 0.02 -0.007
  endloop
 endfacet
 facet normal -0.049067674327418084 0.9987954562051723 0.0
  outer loop
   vertex 1.2246467991473532e-18 0.02 -0.007
   vertex -0.001960342806591213 0.019903694533443938 -0.007
   vertex -0.001960342806591213 0.019903694533443938 0.007
  endloop
 endfacet
 facet normal -0.049067674327418084 0.9987954562051723 0.0
  outer loop
   vertex 1.2246467991473532e-18 0.02 -0.007
   vertex -0.001960342806591213 0.019903694533443938 0.007
   vertex 1.2246467991473532e-18 0.02 0.007
  endloop
 endfacet
 facet normal 0.049067674327418084 -0.9987954562051723 0.0
  outer loop
   vertex 6.123233995736766e-19 0.01 -0.007
   vertex 6.123233995736766e-19 0.01 0.007
   vertex -0.0009801714032956065 0.009951847266721969 0.007
  endloop
 endfacet
 facet normal 0.049067674327418084 -0.9987954562051723 0.0
  outer loop
   vertex 6.123233995736766e-19 0.01 -0.007
   vertex -0.0009801714032956065 0.009951847266721969 0.007
   vertex -0.0009801714032956065 0.009951847266721969 -0.007
  endloop
 endfacet
 facet normal 0.0 -0.0 1.0
  outer loop
   vertex 6.123233995736766e-19 0.01 0.007
   vertex 1.2246467991473532e-18 0.02 0.007
   vertex -0.001960342806591213 0.019903694533443938 0.007
  endloop
 endfacet
 facet normal 0.0 0.0 1.0
  outer loop
   vertex 6.123233995736766e-19 0.01 0.007
   vertex -0.001960342806591213 0.019903694533443938 0.007
   vertex -0.0009801714032956065 0.009951847266721969 0.007
  endloop
 endfacet
 facet normal 0.0 0.0 -1.0
  outer loop
   vertex 6.123233995736766e-19 0.01 -0.007
   vertex -0.001960342806591213 0.019903694533443938 -0.007
   vertex 1.2246467991473532e-18 0.02 -0.007
  endloop
 endfacet
 facet normal -0.0 0.0 -1.0
  outer loop
   vertex 6.123233995736766e-19 0.01 -0.007
   vertex -0.0009801714032956065 0.009951847266721969 -0.007
   vertex -0.001960342806591213 0.019903694533443938 -0.007
  endloop
 endfacet
 facet normal -0.14673047445536164 0.989176509964781 0.0
  outer loop
   vertex -0.001960342806591213 0.019903694533443938 -0.007
   vertex -0.003901806440322564 0.01961570560806461 -0.007
   vertex -0.003901806440322564 0.01961570560806461 0.007
  endloop
 endfacet
 facet normal -0.14673047445536164 0.989176509964781 0.0
  outer loop
   vertex -0.001960342806591213 0.019903694533443938 -0.007
   vertex -0.003901806440322564 0.01961570560806461 0.007
   vertex -0.001960342806591213 0.019903694533443938 0.007
  endloop
 endfacet
 facet normal 0.14673047445536164 -0.989176509964781 0.0
  outer loop
   vertex -0.0009801714032956065 0.009951847266721969 -0.007
   vertex -0.0009801714032956065 0.009951847266721969 0.007
   vertex -0.001950903220161282 0.009807852804032305 0.007
  endloop
 endfacet
 facet normal 0.14673047445536164 -0.989176509964781 0.0
  outer loop
   vertex -0.0009801714032956065 0.009951847266721969 -0.007
   vertex -0.001950903220161282 0.009807852804032305 0.007
   vertex -0.001950903220161282 0.009807852804032305 -0.007
  endloop
 endfacet
 facet normal 0.0 0.0 1.0
  outer loop
   vertex -0.0009801714032956065 0.009951847266721969 0.007
   vertex -0.001960342806591213 0.019903694533443938 0.007
   vertex -0.003901806440322564 0.01961570560806461 0.007
  endloop
 endfacet
 facet normal 0.0 0.0 1.0
  outer loop
   vertex -0.0009801714032956065 0.009951847266721969 0.007
   vertex -0.003901806440322564 0.01961570560806461 0.007
   vertex -0.001950903220161282 0.009807852804032305 0.007
  endloop
 endfacet
 facet normal 0.0 0.0 -1.0
  outer loop
   vertex -0.0009801714032956065 0.009951847266721969 -0.007
   vertex -0.003901806440322564 0.01961570560806461 -0.007
   vertex -0.001960342806591213 0.019903694533443938 -0.007
  endloop
 endfacet
 facet normal -0.0 0.0 -1.0
  outer loop
   vertex -0.0009801714032956065 0.009951847266721969 -0.007
   vertex -0.001950903220161282 0.009807852804032305 -0.007
   vertex -0.003901806440322564 0.01961570560806461 -0.007
  endloop
 endfacet
 facet normal -0.24298017990326398 0.970031253194544 0.0
  outer loop
   vertex -0.003901806440322564 0.01961570560806461 -0.007
   vertex -0.0058056935450892435 0.01913880671464418 -0.007
   vertex -0.0058056935450892435 0.01913880671464418 0.007
  endloop
 endfacet
 facet normal -0.24298017990326398 0.970031253194544 0.0
  outer loop
   vertex -0.003901806440322564 0.01961570560806461 -0.007
   vertex -0.0058056935450892435 0.01913880671464418 0.007
   vertex -0.003901806440322564 0.01961570560806461 0.007
  endloop
 endfacet
 facet normal 0.24298017990326398 -0.970031253194544 0.0
  outer loop
   vertex -0.001950903220161282 0.009807852804032305 -0.007
   vertex -0.001950903220161282 0.009807852804032305 0.007
   vertex -0.0029028467725446217 0.00956940335732209 0.007
  endloop
 endfacet
 facet normal 0.24298017990326398 -0.970031253194544 0.0
  outer loop
   vertex -0.001950903220161282 0.009807852804032305 -0.007
   vertex -0.0029028467725446217 0.00956940335732209 0.007
   vertex -0.0029028467725446217 0.00956940335732209 -0.007
  endloop
 endfacet
 facet normal 0.0 0.0 1.0
  outer loop
   vertex -0.001950903220161282 0.009807852804032305 0.007
   vertex -0.003901806440322564 0.01961570560806461 0.007
   vertex -0.0058056935450892435 0.01913880671464418 0.007
  endloop
 endfacet
 facet normal 0.0 0.0 1.0
  outer loop
   vertex -0.001950903220161282 0.009807852804032305 0.007
   vertex -0.0058056935450892435 0.01913880671464418 0.007
   vertex -0.0029028467725446217 0.00956940335732209 0.007
  endloop
 endfacet
 facet normal 0.0 0.0 -1.0
  outer loop
   vertex -0.001950903220161282 0.009807852804032305 -0.007
   vertex -0.0058056935450892435 0.01913880671464418 -0.007
   vertex -0.003901806440322564 0.01961570560806461 -0.007
  endloop
 endfacet
 facet normal -0.0 0.0 -1.0
  outer loop
   vertex -0.001950903220161282 0.009807852804032305 -0.007
   vertex -0.0029028467725446217 0.00956940335732209 -0.007
   vertex -0.0058056935450892435 0.01913880671464418 -0.007
  endloop
 endfacet
 facet normal -0.3368898533922195 0.9415440651830209 0.0
  outer loop
   vertex -0.0058056935450892435 0.01913880671464418 -0.007
   vertex -0.007653668647301794 0.018477590650225736 -0.007
   vertex -0.007653668647301794 0.018477590650225736 0.007
  endloop
 endfacet
 facet normal -0.3368898533922195 0.9415440651830209 0.0
  outer loop
   vertex -0.0058056935450892435 0.01913880671464418 -0.007
   vertex -0.007653668647301794 0.018477590650225736 0.007
   vertex -0.0058056935450892435 0.01913880671464418 0.007
  endloop
 endfacet
 facet normal 0.3368898533922195 -0.9415440651830209 0.0
  outer loop
   vertex -0.0029028467725446217 0.00956940335732209 -0.007
   vertex -0.0029028467725446217 0.00956940335732209 0.007
   vertex -0.003826834323650897 0.009238795325112868 0.007
  endloop
 endfacet
 facet normal 0.3368898533922195 -0.9415440651830209 0.0
  outer loop
   vertex -0.0029028467725446217 0.00956940335732209 -0.007
   vertex -0.003826834323650897 0.009238795325112868 0.007
   vertex -0.003826834323650897 0.009238795325112868 -0.007
  endloop
 endfacet
 facet normal 0.0 0.0 1.0
  outer loop
   vertex -0.0029028467725446217 0.00956940335732209 0.007
   vertex -0.0058056935450892435 0.01913880671464418 0.007
   vertex -0.007653668647301794 0.018477590650225736 0.007
  endloop
 endfacet
 facet normal 0.0 0.0 1.0
  outer loop
   vertex -0.0029028467725446217 0.00956940335732209 0.007
   vertex -0.007653668647301794 0.018477590650225736 0.007
   vertex -0.003826834323650897 0.009238795325112868 0.007
  endloop
 endfacet
 facet normal 0.0 0.0 -1.0
  outer loop
   vertex -0.0029028467725446217 0.00956940335732209 -0.007
   vertex -0.007653668647301794 0.018477590650225736 -0.007
   vertex -0.0058056935450892435 0.01913880671464418 -0.007
  endloop
 endfacet
 facet normal -0.0 0.0 -1.0
  outer loop
   vertex -0.0029028467725446217 0.00956940335732209 -0.007
   vertex -0.003826834323650897 0.009238795325112868 -0.007
   vertex -0.007653668647301794 0.018477590650225736 -0.007
  endloop
 endfacet
 facet normal -0.4275550934302817 0.9039892931234434 0.0
  outer loop
   vertex -0.007653668647301794 0.018477590650225736 -0.007
   vertex -0.009427934736519953 0.017638425286967102 -0.007
   vertex -0.009427934736519953 0.017638425286967102 0.007
  endloop
 endfacet
 facet normal -0.4275550934302817 0.9039892931234434 0.0
  outer loop
   vertex -0.007653668647301794 0.018477590650225736 -0.007
   vertex -0.009427934736519953 0.017638425286967102 0.007
   vertex -0.007653668647301794 0.018477590650225736 0.007
  endloop
 endfacet
 facet normal 0.4275550934302817 -0.9039892931234434 0.0
  outer loop
   vertex -0.003826834323650897 0.009238795325112868 -0.007
   vertex -0.003826834323650897 0.009238795325112868 0.007
   vertex -0.004713967368259977 0.008819212643483551 0.007
  endloop
 endfacet
 facet normal 0.4275550934302817 -0.9039892931234434 0.0
  outer loop
   vertex -0.003826834323650897 0.009238795325112868 -0.007
   vertex -0.004713967368259977 0.008819212643483551 0.007
   vertex -0.004713967368259977 0.008819212643483551 -0.007
  endloop
 endfacet
 facet normal 0.0 0.0 1.0
  outer loop
   vertex -0.003826834323650897 0.009238795325112868 0.007
   vertex -0.007653668647301794 0.018477590650225736 0.007
   vertex -0.009427934736519953 0.017638425286967102 0.007
  endloop
 endfacet
 facet normal 0.0 0.0 1.0
  outer loop
   vertex -0.003826834323650897 0.009238795325112868 0.007
   vertex -0.009427934736519953 0.017638425286967102 0.007
   vertex -0.004713967368259977 0.008819212643483551 0.007
  endloop
 endfacet
 facet normal 0.0 0.0 -1.0
  outer loop
   vertex -0.003826834323650897 0.009238795325112868 -0.007
   vertex -0.009427934736519953 0.017638425286967102 -0.007
   vertex -0.007653668647301794 0.018477590650225736 -0.007
  endloop
 endfacet
 facet normal -0.0 0.0 -1.0
  outer loop
   vertex -0.003826834323650897 0.009238795325112868 -0.007
   vertex -0.004713967368259977 0.008819212643483551 -0.007
   vertex -0.009427934736519953 0.017638425286967102 -0.007
  endloop
 endfacet
 facet normal -0.514102744193222 0.8577286100002719 0.0
  outer loop
   vertex -0.009427934736519953 0.017638425286967102 -0.007
   vertex -0.01111140466039204 0.01662939224605091 -0.007
   vertex -0.01111140466039204 0.01662939224605091 0.007
  endloop
 endfacet
 facet normal -0.514102744193222 0.8577286100002719 0.0
  outer loop
   vertex -0.009427934736519953 0.017638425286967102 -0.007
   vertex -0.01111140466039204 0.01662939224605091 0.007
   vertex -0.009427934736519953 0.017638425286967102 0.007
  endloop
 endfacet
 facet normal 0.514102744193222 -0.8577286100002719 0.0
  outer loop
   vertex -0.004713967368259977 0.008819212643483551 -0.007
   vertex -0.004713967368259977 0.008819212643483551 0.007
   vertex -0.00555570233019602 0.008314696123025454 0.007
  endloop
 endfacet
 facet normal 0.514102744193222 -0.8577286100002719 0.0
  outer loop
   vertex -0.004713967368259977 0.008819212643483551 -0.007
   vertex -0.00555570233019602 0.008314696123025454 0.007
   vertex -0.00555570233019602 0.008314696123025454 -0.007
  endloop
 endfacet
 facet normal 0.0 0.0 1.0
  outer loop
   vertex -0.004713967368259977 0.008819212643483551 0.007
   vertex -0.009427934736519953 0.017638425286967102 0.007
   vertex -0.01111140466039204 0.01662939224605091 0.007
  endloop
 endfacet
 facet normal 0.0 0.0 1.0
  outer loop
   vertex -0.004713967368259977 0.008819212643483551 0.007
   vertex -0.01111140466039204 0.01662939224605091 0.007
   vertex -0.00555570233019602 0.008314696123025454 0.007
  endloop
 endfacet
 facet normal 0.0 0.0 -1.0
  outer loop
   vertex -0.004713967368259977 0.008819212643483551 -0.007
   vertex -0.01111140466039204 0.01662939224605091 -0.007
   vertex -0.009427934736519953 0.017638425286967102 -0.007
  endloop
 endfacet
 facet normal -0.0 0.0 -1.0
  outer loop
   vertex -0.004713967368259977 0.008819212643483551 -0.007
   vertex -0.00555570233019602 0.008314696123025454 -0.007
   vertex -0.01111140466039204 0.01662939224605091 -0.007
  endloop
 endfacet
 facet normal -0.5956993044924328 0.8032075314806454 0.0
  outer loop
   vertex -0.01111140466039204 0.01662939224605091 -0.007
   vertex -0.012687865683272908 0.015460209067254743 -0.007
   vertex -0.012687865683272908 0.015460209067254743 0.007
  endloop
 endfacet
 facet normal -0.5956993044924328 0.8032075314806454 0.0
  outer loop
   vertex -0.01111140466039204 0.01662939224605091 -0.007
   vertex -0.012687865683272908 0.015460209067254743 0.007
   vertex -0.01111140466039204 0.01662939224605091 0.007
  endloop
 endfacet
 facet normal 0.5956993044924328 -0.8032075314806454 0.0
  outer loop
   vertex -0.00555570233019602 0.008314696123025454 -0.007
   vertex -0.00555570233019602 0.008314696123025454 0.007
   vertex -0.006343932841636454 0.007730104533627371 0.007
  endloop
 endfacet
 facet normal 0.5956993044924328 -0.8032075314806454 0.0
  outer loop
   vertex -0.00555570233019602 0.008314696123025454 -0.007
   vertex -0.006343932841636454 0.007730104533627371 0.007
   vertex -0.006343932841636454 0.007730104533627371 -0.007
  endloop
 endfacet
 facet normal 0.0 0.0 1.0
  outer loop
   vertex -0.00555570233019602 0.008314696123025454 0.007
   vertex -0.01111140466039204 0.01662939224605091 0.007
   vertex -0.012687865683272908 0.015460209067254743 0.007
  endloop
 endfacet
 facet normal 0.0 0.0 1.0
  outer loop
   vertex -0.00555570233019602 0.008314696123025454 0.007
   vertex -0.012687865683272908 0.015460209067254743 0.007
   vertex -0.006343932841636454 0.007730104533627371 0.007
  endloop
 endfacet
 facet normal 0.0 0.0 -1.0
  outer loop
   vertex -0.00555570233019602 0.008314696123025454 -0.007
   vertex -0.012687865683272908 0.015460209067254743 -0.007
   vertex -0.01111140466039204 0.01662939224605091 -0.007
  endloop
 endfacet
 facet normal -0.0 0.0 -1.0
  outer loop
   vertex -0.00555570233019602 0.008314696123025454 -0.007
   vertex -0.006343932841636454 0.007730104533627371 -0.007
   vertex -0.012687865683272908 0.015460209067254743 -0.007
  endloop
 endfacet
 facet normal -0.6715589548470188 0.7409511253549589 0.0
  outer loop
   vertex -0.012687865683272908 0.015460209067254743 -0.007
   vertex -0.014142135623730949 0.014142135623730952 -0.007
   vertex -0.014142135623730949 0.014142135623730952 0.007
  endloop
 endfacet
 facet normal -0.6715589548470188 0.7409511253549589 0.0
  outer loop
   vertex -0.012687865683272908 0.015460209067254743 -0.007
   vertex -0.014142135623730949 0.014142135623730952 0.007
   vertex -0.012687865683272908 0.015460209067254743 0.007
  endloop
 endfacet
 facet normal 0.6715589548470188 -0.7409511253549589 0.0
  outer loop
   vertex -0.006343932841636454 0.007730104533627371 -0.007
   vertex -0.006343932841636454 0.007730104533627371 0.007
   vertex -0.0070710678118654745 0.007071067811865476 0.007
  endloop
 endfacet
 facet normal 0.6715589548470188 -0.7409511253549589 0.0
  outer loop
   vertex -0.006343932841636454 0.007730104533627371 -0.007
   vertex -0.0070710678118654745 0.007071067811865476 0.007
   vertex -0.0070710678118654745 0.007071067811865476 -0.007
  endloop
 endfacet
 facet normal 0.0 0.0 1.0
  outer loop
   vertex -0.006343932841636454 0.007730104533627371 0.007
   vertex -0.012687865683272908 0.015460209067254743 0.007
   vertex -0.014142135623730949 0.014142135623730952 0.007
  endloop
 endfacet
 facet normal 0.0 0.0 1.0
  outer loop
   vertex -0.006343932841636454 0.007730104533627371 0.007
   vertex -0.014142135623730949 0.014142135623730952 0.007
   vertex -0.0070710678118654745 0.007071067811865476 0.007
  endloop
 endfacet
 facet normal 0.0 0.0 -1.0
  outer loop
   vertex -0.006343932841636454 0.007730104533627371 -0.007
   vertex -0.014142135623730949 0.014142135623730952 -0.007
   vertex -0.012687865683272908 0.015460209067254743 -0.007
  endloop
 endfacet
 facet normal -0.0 0.0 -1.0
  outer loop
   vertex -0.006343932841636454 0.007730104533627371 -0.007
   vertex -0.0070710678118654745 0.007071067811865476 -0.007
   vertex -0.014142135623730949 0.014142135623730952 -0.007
  endloop
 endfacet
 facet normal -0.7409511253549588 0.6715589548470189 0.0
  outer loop
   vertex -0.014142135623730949 0.014142135623730952 -0.007
   vertex -0.01546020906725474 0.01268786568327291 -0.007
   vertex -0.01546020906725474 0.01268786568327291 0.007
  endloop
 endfacet
 facet normal -0.7409511253549588 0.6715589548470189 0.0
  outer loop
   vertex -0.014142135623730949 0.014142135623730952 -0.007
   vertex -0.01546020906725474 0.01268786568327291 0.007
   vertex -0.014142135623730949 0.014142135623730952 0.007
  endloop
 endfacet
 facet normal 0.7409511253549588 -0.6715589548470189 0.0
  outer loop
   vertex -0.0070710678118654745 0.007071067811865476 -0.007
   vertex -0.0070710678118654745 0.007071067811865476 0.007
   vertex -0.00773010453362737 0.006343932841636455 0.007
  endloop
 endfacet
 facet normal 0.7409511253549588 -0.6715589548470189 0.0
  outer loop
   vertex -0.0070710678118654745 0.007071067811865476 -0.007
   vertex -0.00773010453362737 0.006343932841636455 0.007
   vertex -0.00773010453362737 0.006343932841636455 -0.007
  endloop
 endfacet
 facet normal 0.0 0.0 1.0
  outer loop
   vertex -0.0070710678118654745 0.007071067811865476 0.007
   vertex -0.014142135623730949 0.014142135623730952 0.007
   vertex -0.01546020906725474 0.01268786568327291 0.007
  endloop
 endfacet
 facet normal 0.0 0.0 1.0
  outer loop
   vertex -0.0070710678118654745 0.007071067811865476 0.007
   vertex -0.01546020906725474 0.01268786568327291 0.007
   vertex -0.00773010453362737 0.006343932841636455 0.007
  endloop
 endfacet
 facet normal 0.0 0.0 -1.0
  outer loop
   vertex -0.0070710678118654745 0.007071067811865476 -0.007
   vertex -0.01546020906725474 0.01268786568327291 -0.007
   vertex -0.014142135623730949 0.014142135623730952 -0.007
  endloop
 endfacet
 facet normal -0.0 0.0 -1.0
  outer loop
   vertex -0.0070710678118654745 0.007071067811865476 -0.007
   vertex -0.00773010453362737 0.006343932841636455 -0.007
   vertex -0.01546020906725474 0.01268786568327291 -0.007
  endloop
 endfacet
 facet normal -0.8032075314806447 0.5956993044924338 0.0
  outer loop
   vertex -0.01546020906725474 0.01268786568327291 -0.007
   vertex -0.01662939224605091 0.011111404660392043 -0.007
   vertex -0.01662939224605091 0.011111404660392043 0.007
  endloop
 endfacet
 facet normal -0.8032075314806447 0.5956993044924338 0.0
  outer loop
   vertex -0.01546020906725474 0.01268786568327291 -0.007
   vertex -0.01662939224605091 0.011111404660392043 0.007
   vertex -0.01546020906725474 0.01268786568327291 0.007
  endloop
 endfacet
 facet normal 0.8032075314806447 -0.5956993044924338 0.0
  outer loop
   vertex -0.00773010453362737 0.006343932841636455 -0.007
   vertex -0.00773010453362737 0.006343932841636455 0.007
   vertex -0.008314696123025454 0.005555702330196022 0.007
  endloop
 endfacet
 facet normal 0.8032075314806447 -0.5956993044924338 0.0
  outer loop
   vertex -0.00773010453362737 0.006343932841636455 -0.007
   vertex -0.008314696123025454 0.005555702330196022 0.007
   vertex -0.008314696123025454 0.005555702330196022 -0.007
  endloop
 endfacet
 facet normal 0.0 0.0 1.0
  outer loop
   vertex -0.00773010453362737 0.006343932841636455 0.007
   vertex -0.01546020906725474 0.01268786568327291 0.007
   vertex -0.01662939224605091 0.011111404660392043 0.007
  endloop
 endfacet
 facet normal 0.0 0.0 1.0
  outer loop
   vertex -0.00773010453362737 0.006343932841636455 0.007
   vertex -0.01662939224605091 0.011111404660392043 0.007
   vertex -0.008314696123025454 0.005555702330196022 0.007
  endloop
 endfacet
 facet normal 0.0 0.0 -1.0
  outer loop
   vertex -0.00773010453362737 0.006343932841636455 -0.007
   vertex -0.01662939224605091 0.011111404660392043 -0.007
   vertex -0.01546020906725474 0.01268786568327291 -0.007
  endloop
 endfacet
 facet normal -0.0 0.0 -1.0
  outer loop
   vertex -0.00773010453362737 0.006343932841636455 -0.007
   vertex -0.008314696123025454 0.005555702330196022 -0.007
   vertex -0.01662939224605091 0.011111404660392043 -0.007
  endloop
 endfacet
 facet normal -0.8577286100002727 0.5141027441932208 0.0
  outer loop
   vertex -0.01662939224605091 0.011111404660392043 -0.007
   vertex -0.0176384252869671 0.009427934736519957 -0.007
   vertex -0.0176384252869671 0.009427934736519957 0.007
  endloop
 endfacet
 facet normal -0.8577286100002727 0.5141027441932208 0.0
  outer loop
   vertex -0.01662939224605091 0.011111404660392043 -0.007
   vertex -0.0176384252869671 0.009427934736519957 0.007
   vertex -0.01662939224605091 0.011111404660392043 0.007
  endloop
 endfacet
 facet normal 0.8577286100002727 -0.5141027441932208 0.0
  outer loop
   vertex -0.008314696123025454 0.005555702330196022 -0.007
   vertex -0.008314696123025454 0.005555702330196022 0.007
   vertex -0.00881921264348355 0.004713967368259978 0.007
  endloop
 endfacet
 facet normal 0.8577286100002727 -0.5141027441932208 0.0
  outer loop
   vertex -0.008314696123025454 0.005555702330196022 -0.007
   vertex -0.00881921264348355 0.004713967368259978 0.007
   vertex -0.00881921264348355 0.004713967368259978 -0.007
  endloop
 endfacet
 facet normal 0.0 0.0 1.0
  outer loop
   vertex -0.008314696123025454 0.005555702330196022 0.007
   vertex -0.01662939224605091 0.011111404660392043 0.007
   vertex -0.0176384252869671 0.009427934736519957 0.007
  endloop
 endfacet
 facet normal 0.0 0.0 1.0
  outer loop
   vertex -0.008314696123025454 0.005555702330196022 0.007
   vertex -0.0176384252869671 0.009427934736519957 0.007
   vertex -0.00881921264348355 0.004713967368259978 0.007
  endloop
 endfacet
 facet normal 0.0 0.0 -1.0
  outer loop
   vertex -0.008314696123025454 0.005555702330196022 -0.007
   vertex -0.0176384252869671 0.009427934736519957 -0.007
   vertex -0.01662939224605091 0.011111404660392043 -0.007
  endloop
 endfacet
 facet normal -0.0 0.0 -1.0
  outer loop
   vertex -0.008314696123025454 0.005555702330196022 -0.007
   vertex -0.00881921264348355 0.004713967368259978 -0.007
   vertex -0.0176384252869671 0.009427934736519957 -0.007
  endloop
 endfacet
 facet normal -0.9039892931234428 0.4275550934302832 0.0
  outer loop
   vertex -0.0176384252869671 0.009427934736519957 -0.007
   vertex -0.018477590650225736 0.007653668647301798 -0.007
   vertex -0.018477590650225736 0.007653668647301798 0.007
  endloop
 endfacet
 facet normal -0.9039892931234428 0.4275550934302832 0.0
  outer loop
   vertex -0.0176384252869671 0.009427934736519957 -0.007
   vertex -0.018477590650225736 0.007653668647301798 0.007
   vertex -0.0176384252869671 0.009427934736519957 0.007
  endloop
 endfacet
 facet normal 0.9039892931234428 -0.4275550934302832 0.0
  outer loop
   vertex -0.00881921264348355 0.004713967368259978 -0.007
   vertex -0.00881921264348355 0.004713967368259978 0.007
   vertex -0.009238795325112868 0.003826834323650899 0.007
  endloop
 endfacet
 facet normal 0.9039892931234428 -0.4275550934302832 0.0
  outer loop
   vertex -0.00881921264348355 0.004713967368259978 -0.007
   vertex -0.009238795325112868 0.003826834323650899 0.007
   vertex -0.009238795325112868 0.003826834323650899 -0.007
  endloop
 endfacet
 facet normal 0.0 0.0 1.0
  outer loop
   vertex -0.00881921264348355 0.004713967368259978 0.007
   vertex -0.0176384252869671 0.009427934736519957 0.007
   vertex -0.018477590650225736 0.007653668647301798 0.007
  endloop
 endfacet
 facet normal 0.0 0.0 1.0
  outer loop
   vertex -0.00881921264348355 0.004713967368259978 0.007
   vertex -0.018477590650225736 0.007653668647301798 0.007
   vertex -0.009238795325112868 0.003826834323650899 0.007
  endloop
 endfacet
 facet normal 0.0 0.0 -1.0
  outer loop
   vertex -0.00881921264348355 0.004713967368259978 -0.007
   vertex -0.018477590650225736 0.007653668647301798 -0.007
   vertex -0.0176384252869671 0.009427934736519957 -0.007
  endloop
 endfacet
 facet normal -0.0 0.0 -1.0
  outer loop
   vertex -0.00881921264348355 0.004713967368259978 -0.007
   vertex -0.009238795325112868 0.003826834323650899 -0.007
   vertex -0.018477590650225736 0.007653668647301798 -0.007
  endloop
 endfacet
 facet normal -0.9415440651830209 0.33688985339221966 0.0
  outer loop
   vertex -0.018477590650225736 0.007653668647301798 -0.007
   vertex -0.01913880671464418 0.005805693545089248 -0.007
   vertex -0.01913880671464418 0.005805693545089248 0.007
  endloop
 endfacet
 facet normal -0.9415440651830209 0.33688985339221966 0.0
  outer loop
   vertex -0.018477590650225736 0.007653668647301798 -0.007
   vertex -0.01913880671464418 0.005805693545089248 0.007
   vertex -0.018477590650225736 0.007653668647301798 0.007
  endloop
 endfacet
 facet normal 0.9415440651830209 -0.33688985339221966 0.0
  outer loop
   vertex -0.009238795325112868 0.003826834323650899 -0.007
   vertex -0.009238795325112868 0.003826834323650899 0.007
   vertex -0.00956940335732209 0.002902846772544624 0.007
  endloop
 endfacet
 facet normal 0.9415440651830209 -0.33688985339221966 0.0
  outer loop
   vertex -0.009238795325112868 0.003826834323650899 -0.007
   vertex -0.00956940335732209 0.002902846772544624 0.007
   vertex -0.00956940335732209 0.002902846772544624 -0.007
  endloop
 endfacet
 facet normal 0.0 0.0 1.0
  outer loop
   vertex -0.009238795325112868 0.003826834323650899 0.007
   vertex -0.018477590650225736 0.007653668647301798 0.007
   vertex -0.01913880671464418 0.005805693545089248 0.007
  endloop
 endfacet
 facet normal 0.0 0.0 1.0
  outer loop
   vertex -0.009238795325112868 0.003826834323650899 0.007
   vertex -0.01913880671464418 0.005805693545089248 0.007
   vertex -0.00956940335732209 0.002902846772544624 0.007
  endloop
 endfacet
 facet normal 0.0 0.0 -1.0
  outer loop
   vertex -0.009238795325112868 0.003826834323650899 -0.007
   vertex -0.01913880671464418 0.005805693545089248 -0.007
   vertex -0.018477590650225736 0.007653668647301798 -0.007
  endloop
 endfacet
 facet normal -0.0 0.0 -1.0
  outer loop
   vertex -0.009238795325112868 0.003826834323650899 -0.007
   vertex -0.00956940335732209 0.002902846772544624 -0.007
   vertex -0.01913880671464418 0.005805693545089248 -0.007
  endloop
 endfacet
 facet normal -0.9700312531945439 0.24298017990326445 0.0
  outer loop
   vertex -0.01913880671464418 0.005805693545089248 -0.007
   vertex -0.01961570560806461 0.003901806440322572 -0.007
   vertex -0.01961570560806461 0.003901806440322572 0.007
  endloop
 endfacet
 facet normal -0.9700312531945439 0.24298017990326445 0.0
  outer loop
   vertex -0.01913880671464418 0.005805693545089248 -0.007
   vertex -0.01961570560806461 0.003901806440322572 0.007
   vertex -0.01913880671464418 0.005805693545089248 0.007
  endloop
 endfacet
 facet normal 0.9700312531945439 -0.24298017990326445 0.0
  outer loop
   vertex -0.00956940335732209 0.002902846772544624 -0.007
   vertex -0.00956940335732209 0.002902846772544624 0.007
   vertex -0.009807852804032305 0.001950903220161286 0.007
  endloop
 endfacet
 facet normal 0.9700312531945439 -0.24298017990326445 0.0
  outer loop
   vertex -0.00956940335732209 0.002902846772544624 -0.007
   vertex -0.009807852804032305 0.001950903220161286 0.007
   vertex -0.009807852804032305 0.001950903220161286 -0.007
  endloop
 endfacet
 facet normal 0.0 0.0 1.0
  outer loop
   vertex -0.00956940335732209 0.002902846772544624 0.007
   vertex -0.01913880671464418 0.005805693545089248 0.007
   vertex -0.01961570560806461 0.003901806440322572 0.007
  endloop
 endfacet
 facet normal 0.0 0.0 1.0
  outer loop
   vertex -0.00956940335732209 0.002902846772544624 0.007
   vertex -0.01961570560806461 0.003901806440322572 0.007
   vertex -0.009807852804032305 0.001950903220161286 0.007
  endloop
 endfacet
 facet normal 0.0 0.0 -1.0
  outer loop
   vertex -0.00956940335732209 0.002902846772544624 -0.007
   vertex -0.01961570560806461 0.003901806440322572 -0.007
   vertex -0.01913880671464418 0.005805693545089248 -0.007
  endloop
 endfacet
 facet normal -0.0 0.0 -1.0
  outer loop
   vertex -0.00956940335732209 0.002902846772544624 -0.007
   vertex -0.009807852804032305 0.001950903220161286 -0.007
   vertex -0.01961570560806461 0.003901806440322572 -0.007
  endloop
 endfacet
 facet normal -0.989176509964781 0.14673047445536128 0.0
  outer loop
   vertex -0.01961570560806461 0.003901806440322572 -0.007
   vertex -0.019903694533443938 0.0019603428065912165 -0.007
   vertex -0.019903694533443938 0.0019603428065912165 0.007
  endloop
 endfacet
 facet normal -0.989176509964781 0.14673047445536128 0.0
  outer loop
   vertex -0.01961570560806461 0.003901806440322572 -0.007
   vertex -0.019903694533443938 0.0019603428065912165 0.007
   vertex -0.01961570560806461 0.003901806440322572 0.007
  endloop
 endfacet
 facet normal 0.989176509964781 -0.14673047445536128 0.0
  outer loop
   vertex -0.009807852804032305 0.001950903220161286 -0.007
   vertex -0.009807852804032305 0.001950903220161286 0.007
   vertex -0.009951847266721969 0.0009801714032956082 0.007
  endloop
 endfacet
 facet normal 0.989176509964781 -0.14673047445536128 0.0
  outer loop
   vertex -0.009807852804032305 0.001950903220161286 -0.007
   vertex -0.009951847266721969 0.0009801714032956082 0.007
   vertex -0.009951847266721969 0.0009801714032956082 -0.007
  endloop
 endfacet
 facet normal 0.0 0.0 1.0
  outer loop
   vertex -0.009807852804032305 0.001950903220161286 0.007
   vertex -0.01961570560806461 0.003901806440322572 0.007
   vertex -0.019903694533443938 0.0019603428065912165 0.007
  endloop
 endfacet
 facet normal 0.0 0.0 1.0
  outer loop
   vertex -0.009807852804032305 0.001950903220161286 0.007
   vertex -0.019903694533443938 0.0019603428065912165 0.007
   vertex -0.009951847266721969 0.0009801714032956082 0.007
  endloop
 endfacet
 facet normal 0.0 0.0 -1.0
  outer loop
   vertex -0.009807852804032305 0.001950903220161286 -0.007
   vertex -0.019903694533443938 0.0019603428065912165 -0.007
   vertex -0.01961570560806461 0.003901806440322572 -0.007
  endloop
 endfacet
 facet normal -0.0 0.0 -1.0
  outer loop
   vertex -0.009807852804032305 0.001950903220161286 -0.007
   vertex -0.009951847266721969 0.0009801714032956082 -0.007
   vertex -0.019903694533443938 0.0019603428065912165 -0.007
  endloop
 endfacet
 facet normal -0.9987954562051723 0.0490676743274181 0.0
  outer loop
   vertex -0.019903694533443938 0.0019603428065912165 -0.007
   vertex -0.02 2.4492935982947064e-18 -0.007
   vertex -0.02 2.4492935982947064e-18 0.007
  endloop
 endfacet
 facet normal -0.9987954562051723 0.0490676743274181 0.0
  outer loop
   vertex -0.019903694533443938 0.0019603428065912165 -0.007
   vertex -0.02 2.4492935982947064e-18 0.007
   vertex -0.019903694533443938 0.0019603428065912165 0.007
  endloop
 endfacet
 facet normal 0.9987954562051723 -0.0490676743274181 0.0
  outer loop
   vertex -0.009951847266721969 0.0009801714032956082 -0.007
   vertex -0.009951847266721969 0.0009801714032956082 0.007
   vertex -0.01 1.2246467991473532e-18 0.007
  endloop
 endfacet
 facet normal 0.9987954562051723 -0.0490676743274181 0.0
  outer loop
   vertex -0.009951847266721969 0.0009801714032956082 -0.007
   vertex -0.01 1.2246467991473532e-18 0.007
   vertex -0.01 1.2246467991473532e-18 -0.007
  endloop
 endfacet
 facet normal 0.0 0.0 1.0
  outer loop
   vertex -0.009951847266721969 0.0009801714032956082 0.007
   vertex -0.019903694533443938 0.0019603428065912165 0.007
   vertex -0.02 2.4492935982947064e-18 0.007
  endloop
 endfacet
 facet normal 0.0 0.0 1.0
  outer loop
   vertex -0.009951847266721969 0.0009801714032956082 0.007
   vertex -0.02 2.4492935982947064e-18 0.007
   vertex -0.01 1.2246467991473532e-18 0.007
  endloop
 endfacet
 facet normal -0.0 0.0 -1.0
  outer loop
   vertex -0.009951847266721969 0.0009801714032956082 -0.007
   vertex -0.02 2.4492935982947064e-18 -0.007
   vertex -0.019903694533443938 0.0019603428065912165 -0.007
  endloop
 endfacet
 facet normal 0.0 0.0 -1.0
  outer loop
   vertex -0.009951847266721969 0.0009801714032956082 -0.007
   vertex -0.01 1.2246467991473532e-18 -0.007
   vertex -0.02 2.4492935982947064e-18 -0.007
  endloop
 endfacet
 facet normal -0.9987954562051723 -0.049067674327418084 0.0
  outer loop
   vertex -0.02 2.4492935982947064e-18 -0.007
   vertex -0.019903694533443938 -0.0019603428065912117 -0.007
   vertex -0.019903694533443938 -0.0019603428065912117 0.007
  endloop
 endfacet
 facet normal -0.9987954562051723 -0.049067674327418084 0.0
  outer loop
   vertex -0.02 2.4492935982947064e-18 -0.007
   vertex -0.019903694533443938 -0.0019603428065912117 0.007
   vertex -0.02 2.4492935982947064e-18 0.007
  endloop
 endfacet
 facet normal 0.9987954562051723 0.049067674327418084 -0.0
  outer loop
   vertex -0.01 1.2246467991473532e-18 -0.007
   vertex -0.01 1.2246467991473532e-18 0.007
   vertex -0.009951847266721969 -0.0009801714032956058 0.007
  endloop
 endfacet
 facet normal 0.9987954562051723 0.049067674327418084 0.0
  outer loop
   vertex -0.01 1.2246467991473532e-18 -0.007
   vertex -0.009951847266721969 -0.0009801714032956058 0.007
   vertex -0.009951847266721969 -0.0009801714032956058 -0.007
  endloop
 endfacet
 facet normal 0.0 0.0 1.0
  outer loop
   vertex -0.01 1.2246467991473532e-18 0.007
   vertex -0.02 2.4492935982947064e-18 0.007
   vertex -0.019903694533443938 -0.0019603428065912117 0.007
  endloop
 endfacet
 facet normal 0.0 0.0 1.0
  outer loop
   vertex -0.01 1.2246467991473532e-18 0.007
   vertex -0.019903694533443938 -0.0019603428065912117 0.007
   vertex -0.009951847266721969 -0.0009801714032956058 0.007
  endloop
 endfacet
 facet normal -0.0 0.0 -1.0
  outer loop
   vertex -0.01 1.2246467991473532e-18 -0.007
   vertex -0.019903694533443938 -0.0019603428065912117 -0.007
   vertex -0.02 2.4492935982947064e-18 -0.007
  endloop
 endfacet
 facet normal 0.0 -0.0 -1.0
  outer loop
   vertex -0.01 1.2246467991473532e-18 -0.007
   vertex -0.009951847266721969 -0.0009801714032956058 -0.007
   vertex -0.019903694533443938 -0.0019603428065912117 -0.007
  endloop
 endfacet
 facet normal -0.989176509964781 -0.14673047445536128 0.0
  outer loop
   vertex -0.019903694533443938 -0.0019603428065912117 -0.007
   vertex -0.01961570560806461 -0.0039018064403225673 -0.007
   vertex -0.01961570560806461 -0.0039018064403225673 0.007
  endloop
 endfacet
 facet normal -0.989176509964781 -0.14673047445536128 0.0
  outer loop
   vertex -0.019903694533443938 -0.0019603428065912117 -0.007
   vertex -0.01961570560806461 -0.0039018064403225673 0.007
   vertex -0.019903694533443938 -0.0019603428065912117 0.007
  endloop
 endfacet
 facet normal 0.989176509964781 0.14673047445536128 -0.0
  outer loop
   vertex -0.009951847266721969 -0.0009801714032956058 -0.007
   vertex -0.009951847266721969 -0.0009801714032956058 0.007
   vertex -0.009807852804032305 -0.0019509032201612837 0.007
  endloop
 endfacet
 facet normal 0.989176509964781 0.14673047445536128 0.0
  outer loop
   vertex -0.009951847266721969 -0.0009801714032956058 -0.007
   vertex -0.009807852804032305 -0.0019509032201612837 0.007
   vertex -0.009807852804032305 -0.0019509032201612837 -0.007
  endloop
 endfacet
 facet normal 0.0 0.0 1.0
  outer loop
   vertex -0.009951847266721969 -0.0009801714032956058 0.007
   vertex -0.019903694533443938 -0.0019603428065912117 0.007
   vertex -0.01961570560806461 -0.0039018064403225673 0.007
  endloop
 endfacet
 facet normal 0.0 0.0 1.0
  outer loop
   vertex -0.009951847266721969 -0.0009801714032956058 0.007
   vertex -0.01961570560806461 -0.0039018064403225673 0.007
   vertex -0.009807852804032305 -0.0019509032201612837 0.007
  endloop
 endfacet
 facet normal 0.0 0.0 -1.0
  outer loop
   vertex -0.009951847266721969 -0.0009801714032956058 -0.007
   vertex -0.01961570560806461 -0.0039018064403225673 -0.007
   vertex -0.019903694533443938 -0.0019603428065912117 -0.007
  endloop
 endfacet
 facet normal 0.0 -0.0 -1.0
  outer loop
   vertex -0.009951847266721969 -0.0009801714032956058 -0.007
   vertex -0.009807852804032305 -0.0019509032201612837 -0.007
   vertex -0.01961570560806461 -0.0039018064403225673 -0.007
  endloop
 endfacet
 facet normal -0.9700312531945439 -0.2429801799032645 0.0
  outer loop
   vertex -0.01961570560806461 -0.0039018064403225673 -0.007
   vertex -0.01913880671464418 -0.005805693545089243 -0.007
   vertex -0.01913880671464418 -0.005805693545089243 0.007
  endloop
 endfacet
 facet normal -0.9700312531945439 -0.2429801799032645 0.0
  outer loop
   vertex -0.01961570560806461 -0.0039018064403225673 -0.007
   vertex -0.01913880671464418 -0.005805693545089243 0.007
   vertex -0.01961570560806461 -0.0039018064403225673 0.007
  endloop
 endfacet
 facet normal 0.9700312531945439 0.2429801799032645 -0.0
  outer loop
   vertex -0.009807852804032305 -0.0019509032201612837 -0.007
   vertex -0.009807852804032305 -0.0019509032201612837 0.007
   vertex -0.00956940335732209 -0.0029028467725446213 0.007
  endloop
 endfacet
 facet normal 0.9700312531945439 0.2429801799032645 0.0
  outer loop
   vertex -0.009807852804032305 -0.0019509032201612837 -0.007
   vertex -0.00956940335732209 -0.0029028467725446213 0.007
   vertex -0.00956940335732209 -0.0029028467725446213 -0.007
  endloop
 endfacet
 facet normal 0.0 0.0 1.0
  outer loop
   vertex -0.009807852804032305 -0.0019509032201612837 0.007
   vertex -0.01961570560806461 -0.0039018064403225673 0.007
   vertex -0.01913880671464418 -0.005805693545089243 0.007
  endloop
 endfacet
 facet normal 0.0 0.0 1.0
  outer loop
   vertex -0.009807852804032305 -0.0019509032201612837 0.007
   vertex -0.01913880671464418 -0.005805693545089243 0.007
   vertex -0.00956940335732209 -0.0029028467725446213 0.007
  endloop
 endfacet
 facet normal 0.0 0.0 -1.0
  outer loop
   vertex -0.009807852804032305 -0.0019509032201612837 -0.007
   vertex -0.01913880671464418 -0.005805693545089243 -0.007
   vertex -0.01961570560806461 -0.0039018064403225673 -0.007
  endloop
 endfacet
 facet normal 0.0 -0.0 -1.0
  outer loop
   vertex -0.009807852804032305 -0.0019509032201612837 -0.007
   vertex -0.00956940335732209 -0.0029028467725446213 -0.007
   vertex -0.01913880671464418 -0.005805693545089243 -0.007
  endloop
 endfacet
 facet normal -0.9415440651830209 -0.3368898533922195 0.0
  outer loop
   vertex -0.01913880671464418 -0.005805693545089243 -0.007
   vertex -0.018477590650225736 -0.0076536686473017935 -0.007
   vertex -0.018477590650225736 -0.0076536686473017935 0.007
  endloop
 endfacet
 facet normal -0.9415440651830209 -0.3368898533922195 0.0
  outer loop
   vertex -0.01913880671464418 -0.005805693545089243 -0.007
   vertex -0.018477590650225736 -0.0076536686473017935 0.007
   vertex -0.01913880671464418 -0.005805693545089243 0.007
  endloop
 endfacet
 facet normal 0.9415440651830209 0.3368898533922195 -0.0
  outer loop
   vertex -0.00956940335732209 -0.0029028467725446213 -0.007
   vertex -0.00956940335732209 -0.0029028467725446213 0.007
   vertex -0.009238795325112868 -0.0038268343236508968 0.007
  endloop
 endfacet
 facet normal 0.9415440651830209 0.3368898533922195 0.0
  outer loop
   vertex -0.00956940335732209 -0.0029028467725446213 -0.007
   vertex -0.009238795325112868 -0.0038268343236508968 0.007
   vertex -0.009238795325112868 -0.0038268343236508968 -0.007
  endloop
 endfacet
 facet normal 0.0 0.0 1.0
  outer loop
   vertex -0.00956940335732209 -0.0029028467725446213 0.007
   vertex -0.01913880671464418 -0.005805693545089243 0.007
   vertex -0.018477590650225736 -0.0076536686473017935 0.007
  endloop
 endfacet
 facet normal 0.0 0.0 1.0
  outer loop
   vertex -0.00956940335732209 -0.0029028467725446213 0.007
   vertex -0.018477590650225736 -0.0076536686473017935 0.007
   vertex -0.009238795325112868 -0.0038268343236508968 0.007
  endloop
 endfacet
 facet normal 0.0 0.0 -1.0
  outer loop
   vertex -0.00956940335732209 -0.0029028467725446213 -0.007
   vertex -0.018477590650225736 -0.0076536686473017935 -0.007
   vertex -0.01913880671464418 -0.005805693545089243 -0.007
  endloop
 endfacet
 facet normal 0.0 -0.0 -1.0
  outer loop
   vertex -0.00956940335732209 -0.0029028467725446213 -0.007
   vertex -0.009238795325112868 -0.0038268343236508968 -0.007
   vertex -0.018477590650225736 -0.0076536686473017935 -0.007
  endloop
 endfacet
 facet normal -0.9039892931234437 -0.4275550934302816 0.0
  outer loop
   vertex -0.018477590650225736 -0.0076536686473017935 -0.007
   vertex -0.017638425286967102 -0.009427934736519953 -0.007
   vertex -0.017638425286967102 -0.009427934736519953 0.007
  endloop
 endfacet
 facet normal -0.9039892931234437 -0.4275550934302816 0.0
  outer loop
   vertex -0.018477590650225736 -0.0076536686473017935 -0.007
   vertex -0.017638425286967102 -0.009427934736519953 0.007
   vertex -0.018477590650225736 -0.0076536686473017935 0.007
  endloop
 endfacet
 facet normal 0.9039892931234437 0.4275550934302816 -0.0
  outer loop
   vertex -0.009238795325112868 -0.0038268343236508968 -0.007
   vertex -0.009238795325112868 -0.0038268343236508968 0.007
   vertex -0.008819212643483551 -0.004713967368259977 0.007
  endloop
 endfacet
 facet normal 0.9039892931234437 0.4275550934302816 0.0
  outer loop
   vertex -0.009238795325112868 -0.0038268343236508968 -0.007
   vertex -0.008819212643483551 -0.004713967368259977 0.007
   vertex -0.008819212643483551 -0.004713967368259977 -0.007
  endloop
 endfacet
 facet normal 0.0 0.0 1.0
  outer loop
   vertex -0.009238795325112868 -0.0038268343236508968 0.007
   vertex -0.018477590650225736 -0.0076536686473017935 0.007
   vertex -0.017638425286967102 -0.009427934736519953 0.007
  endloop
 endfacet
 facet normal 0.0 0.0 1.0
  outer loop
   vertex -0.009238795325112868 -0.0038268343236508968 0.007
   vertex -0.017638425286967102 -0.009427934736519953 0.007
   vertex -0.008819212643483551 -0.004713967368259977 0.007
  endloop
 endfacet
 facet normal 0.0 0.0 -1.0
  outer loop
   vertex -0.009238795325112868 -0.0038268343236508968 -0.007
   vertex -0.017638425286967102 -0.009427934736519953 -0.007
   vertex -0.018477590650225736 -0.0076536686473017935 -0.007
  endloop
 endfacet
 facet normal 0.0 -0.0 -1.0
  outer loop
   vertex -0.009238795325112868 -0.0038268343236508968 -0.007
   vertex -0.008819212643483551 -0.004713967368259977 -0.007
   vertex -0.017638425286967102 -0.009427934736519953 -0.007
  endloop
 endfacet
 facet normal -0.8577286100002719 -0.514102744193222 0.0
  outer loop
   vertex -0.017638425286967102 -0.009427934736519953 -0.007
   vertex -0.01662939224605091 -0.01111140466039204 -0.007
   vertex -0.01662939224605091 -0.01111140466039204 0.007
  endloop
 endfacet
 facet normal -0.8577286100002719 -0.514102744193222 0.0
  outer loop
   vertex -0.017638425286967102 -0.009427934736519953 -0.007
   vertex -0.01662939224605091 -0.01111140466039204 0.007
   vertex -0.017638425286967102 -0.009427934736519953 0.007
  endloop
 endfacet
 facet normal 0.8577286100002719 0.514102744193222 -0.0
  outer loop
   vertex -0.008819212643483551 -0.004713967368259977 -0.007
   vertex -0.008819212643483551 -0.004713967368259977 0.007
   vertex -0.008314696123025454 -0.00555570233019602 0.007
  endloop
 endfacet
 facet normal 0.8577286100002719 0.514102744193222 0.0
  outer loop
   vertex -0.008819212643483551 -0.004713967368259977 -0.007
   vertex -0.008314696123025454 -0.00555570233019602 0.007
   vertex -0.008314696123025454 -0.00555570233019602 -0.007
  endloop
 endfacet
 facet normal 0.0 0.0 1.0
  outer loop
   vertex -0.008819212643483551 -0.004713967368259977 0.007
   vertex -0.017638425286967102 -0.009427934736519953 0.007
   vertex -0.01662939224605091 -0.01111140466039204 0.007
  endloop
 endfacet
 facet normal 0.0 0.0 1.0
  outer loop
   vertex -0.008819212643483551 -0.004713967368259977 0.007
   vertex -0.01662939224605091 -0.01111140466039204 0.007
   vertex -0.008314696123025454 -0.00555570233019602 0.007
  endloop
 endfacet
 facet normal 0.0 0.0 -1.0
  outer loop
   vertex -0.008819212643483551 -0.004713967368259977 -0.007
   vertex -0.01662939224605091 -0.01111140466039204 -0.007
   vertex -0.017638425286967102 -0.009427934736519953 -0.007
  endloop
 endfacet
 facet normal 0.0 -0.0 -1.0
  outer loop
   vertex -0.008819212643483551 -0.004713967368259977 -0.007
   vertex -0.008314696123025454 -0.00555570233019602 -0.007
   vertex -0.01662939224605091 -0.01111140466039204 -0.007
  endloop
 endfacet
 facet normal -0.8032075314806447 -0.5956993044924336 0.0
  outer loop
   vertex -0.01662939224605091 -0.01111140466039204 -0.007
   vertex -0.015460209067254743 -0.012687865683272905 -0.007
   vertex -0.015460209067254743 -0.012687865683272905 0.007
  endloop
 endfacet
 facet normal -0.8032075314806447 -0.5956993044924336 0.0
  outer loop
   vertex -0.01662939224605091 -0.01111140466039204 -0.007
   vertex -0.015460209067254743 -0.012687865683272905 0.007
   vertex -0.01662939224605091 -0.01111140466039204 0.007
  endloop
 endfacet
 facet normal 0.8032075314806447 0.5956993044924336 -0.0
  outer loop
   vertex -0.008314696123025454 -0.00555570233019602 -0.007
   vertex -0.008314696123025454 -0.00555570233019602 0.007
   vertex -0.007730104533627371 -0.006343932841636452 0.007
  endloop
 endfacet
 facet normal 0.8032075314806447 0.5956993044924336 0.0
  outer loop
   vertex -0.008314696123025454 -0.00555570233019602 -0.007
   vertex -0.007730104533627371 -0.006343932841636452 0.007
   vertex -0.007730104533627371 -0.006343932841636452 -0.007
  endloop
 endfacet
 facet normal 0.0 0.0 1.0
  outer loop
   vertex -0.008314696123025454 -0.00555570233019602 0.007
   vertex -0.01662939224605091 -0.01111140466039204 0.007
   vertex -0.015460209067254743 -0.012687865683272905 0.007
  endloop
 endfacet
 facet normal 0.0 0.0 1.0
  outer loop
   vertex -0.008314696123025454 -0.00555570233019602 0.007
   vertex -0.015460209067254743 -0.012687865683272905 0.007
   vertex -0.007730104533627371 -0.006343932841636452 0.007
  endloop
 endfacet
 facet normal 0.0 0.0 -1.0
  outer loop
   vertex -0.008314696123025454 -0.00555570233019602 -0.007
   vertex -0.015460209067254743 -0.012687865683272905 -0.007
   vertex -0.01662939224605091 -0.01111140466039204 -0.007
  endloop
 endfacet
 facet normal 0.0 -0.0 -1.0
  outer loop
   vertex -0.008314696123025454 -0.00555570233019602 -0.007
   vertex -0.007730104533627371 -0.006343932841636452 -0.007
   vertex -0.015460209067254743 -0.012687865683272905 -0.007
  endloop
 endfacet
 facet normal -0.7409511253549601 -0.6715589548470173 0.0
  outer loop
   vertex -0.015460209067254743 -0.012687865683272905 -0.007
   vertex -0.014142135623730954 -0.014142135623730949 -0.007
   vertex -0.014142135623730954 -0.014142135623730949 0.007
  endloop
 endfacet
 facet normal -0.7409511253549601 -0.6715589548470173 0.0
  outer loop
   vertex -0.015460209067254743 -0.012687865683272905 -0.007
   vertex -0.014142135623730954 -0.014142135623730949 0.007
   vertex -0.015460209067254743 -0.012687865683272905 0.007
  endloop
 endfacet
 facet normal 0.7409511253549601 0.6715589548470173 -0.0
  outer loop
   vertex -0.007730104533627371 -0.006343932841636452 -0.007
   vertex -0.007730104533627371 -0.006343932841636452 0.007
   vertex -0.007071067811865477 -0.0070710678118654745 0.007
  endloop
 endfacet
 facet normal 0.7409511253549601 0.6715589548470173 0.0
  outer loop
   vertex -0.007730104533627371 -0.006343932841636452 -0.007
   vertex -0.007071067811865477 -0.0070710678118654745 0.007
   vertex -0.007071067811865477 -0.0070710678118654745 -0.007
  endloop
 endfacet
 facet normal 0.0 0.0 1.0
  outer loop
   vertex -0.007730104533627371 -0.006343932841636452 0.007
   vertex -0.015460209067254743 -0.012687865683272905 0.007
   vertex -0.014142135623730954 -0.014142135623730949 0.007
  endloop
 endfacet
 facet normal 0.0 0.0 1.0
  outer loop
   vertex -0.007730104533627371 -0.006343932841636452 0.007
   vertex -0.014142135623730954 -0.014142135623730949 0.007
   vertex -0.007071067811865477 -0.0070710678118654745 0.007
  endloop
 endfacet
 facet normal 0.0 0.0 -1.0
  outer loop
   vertex -0.007730104533627371 -0.006343932841636452 -0.007
   vertex -0.014142135623730954 -0.014142135623730949 -0.007
   vertex -0.015460209067254743 -0.012687865683272905 -0.007
  endloop
 endfacet
 facet normal 0.0 -0.0 -1.0
  outer loop
   vertex -0.007730104533627371 -0.006343932841636452 -0.007
   vertex -0.007071067811865477 -0.0070710678118654745 -0.007
   vertex -0.014142135623730954 -0.014142135623730949 -0.007
  endloop
 endfacet
 facet normal -0.6715589548470186 -0.7409511253549589 0.0
  outer loop
   vertex -0.014142135623730954 -0.014142135623730949 -0.007
   vertex -0.012687865683272919 -0.015460209067254734 -0.007
   vertex -0.012687865683272919 -0.015460209067254734 0.007
  endloop
 endfacet
 facet normal -0.6715589548470186 -0.7409511253549589 0.0
  outer loop
   vertex -0.014142135623730954 -0.014142135623730949 -0.007
   vertex -0.012687865683272919 -0.015460209067254734 0.007
   vertex -0.014142135623730954 -0.014142135623730949 0.007
  endloop
 endfacet
 facet normal 0.6715589548470186 0.7409511253549589 -0.0
  outer loop
   vertex -0.007071067811865477 -0.0070710678118654745 -0.007
   vertex -0.007071067811865477 -0.0070710678118654745 0.007
   vertex -0.006343932841636459 -0.007730104533627367 0.007
  endloop
 endfacet
 facet normal 0.6715589548470186 0.7409511253549589 0.0
  outer loop
   vertex -0.007071067811865477 -0.0070710678118654745 -0.007
   vertex -0.006343932841636459 -0.007730104533627367 0.007
   vertex -0.006343932841636459 -0.007730104533627367 -0.007
  endloop
 endfacet
 facet normal 0.0 0.0 1.0
  outer loop
   vertex -0.007071067811865477 -0.0070710678118654745 0.007
   vertex -0.014142135623730954 -0.014142135623730949 0.007
   vertex -0.012687865683272919 -0.015460209067254734 0.007
  endloop
 endfacet
 facet normal 0.0 0.0 1.0
  outer loop
   vertex -0.007071067811865477 -0.0070710678118654745 0.007
   vertex -0.012687865683272919 -0.015460209067254734 0.007
   vertex -0.006343932841636459 -0.007730104533627367 0.007
  endloop
 endfacet
 facet normal 0.0 0.0 -1.0
  outer loop
   vertex -0.007071067811865477 -0.0070710678118654745 -0.007
   vertex -0.012687865683272919 -0.015460209067254734 -0.007
   vertex -0.014142135623730954 -0.014142135623730949 -0.007
  endloop
 endfacet
 facet normal 0.0 -0.0 -1.0
  outer loop
   vertex -0.007071067811865477 -0.0070710678118654745 -0.007
   vertex -0.006343932841636459 -0.007730104533627367 -0.007
   vertex -0.012687865683272919 -0.015460209067254734 -0.007
  endloop
 endfacet
 facet normal -0.5956993044924328 -0.8032075314806453 0.0
  outer loop
   vertex -0.012687865683272919 -0.015460209067254734 -0.007
   vertex -0.011111404660392043 -0.016629392246050905 -0.007
   vertex -0.011111404660392043 -0.016629392246050905 0.007
  endloop
 endfacet
 facet normal -0.5956993044924328 -0.8032075314806453 0.0
  outer loop
   vertex -0.012687865683272919 -0.015460209067254734 -0.007
   vertex -0.011111404660392043 -0.016629392246050905 0.007
   vertex -0.012687865683272919 -0.015460209067254734 0.007
  endloop
 endfacet
 facet normal 0.5956993044924328 0.8032075314806453 -0.0
  outer loop
   vertex -0.006343932841636459 -0.007730104533627367 -0.007
   vertex -0.006343932841636459 -0.007730104533627367 0.007
   vertex -0.005555702330196022 -0.008314696123025453 0.007
  endloop
 endfacet
 facet normal 0.5956993044924328 0.8032075314806453 0.0
  outer loop
   vertex -0.006343932841636459 -0.007730104533627367 -0.007
   vertex -0.005555702330196022 -0.008314696123025453 0.007
   vertex -0.005555702330196022 -0.008314696123025453 -0.007
  endloop
 endfacet
 facet normal 0.0 0.0 1.0
  outer loop
   vertex -0.006343932841636459 -0.007730104533627367 0.007
   vertex -0.012687865683272919 -0.015460209067254734 0.007
   vertex -0.011111404660392043 -0.016629392246050905 0.007
  endloop
 endfacet
 facet normal 0.0 0.0 1.0
  outer loop
   vertex -0.006343932841636459 -0.007730104533627367 0.007
   vertex -0.011111404660392043 -0.016629392246050905 0.007
   vertex -0.005555702330196022 -0.008314696123025453 0.007
  endloop
 endfacet
 facet normal 0.0 0.0 -1.0
  outer loop
   vertex -0.006343932841636459 -0.007730104533627367 -0.007
   vertex -0.011111404660392043 -0.016629392246050905 -0.007
   vertex -0.012687865683272919 -0.015460209067254734 -0.007
  endloop
 endfacet
 facet normal 0.0 -0.0 -1.0
  outer loop
   vertex -0.006343932841636459 -0.007730104533627367 -0.007
   vertex -0.005555702330196022 -0.008314696123025453 -0.007
   vertex -0.011111404660392043 -0.016629392246050905 -0.007
  endloop
 endfacet
 facet normal -0.514102744193222 -0.8577286100002719 0.0
  outer loop
   vertex -0.011111404660392043 -0.016629392246050905 -0.007
   vertex -0.009427934736519957 -0.0176384252869671 -0.007
   vertex -0.009427934736519957 -0.0176384252869671 0.007
  endloop
 endfacet
 facet normal -0.514102744193222 -0.8577286100002719 0.0
  outer loop
   vertex -0.011111404660392043 -0.016629392246050905 -0.007
   vertex -0.009427934736519957 -0.0176384252869671 0.007
   vertex -0.011111404660392043 -0.016629392246050905 0.007
  endloop
 endfacet
 facet normal 0.514102744193222 0.8577286100002719 -0.0
  outer loop
   vertex -0.005555702330196022 -0.008314696123025453 -0.007
   vertex -0.005555702330196022 -0.008314696123025453 0.007
   vertex -0.004713967368259978 -0.00881921264348355 0.007
  endloop
 endfacet
 facet normal 0.514102744193222 0.8577286100002719 0.0
  outer loop
   vertex -0.005555702330196022 -0.008314696123025453 -0.007
   vertex -0.004713967368259978 -0.00881921264348355 0.007
   vertex -0.004713967368259978 -0.00881921264348355 -0.007
  endloop
 endfacet
 facet normal 0.0 0.0 1.0
  outer loop
   vertex -0.005555702330196022 -0.008314696123025453 0.007
   vertex -0.011111404660392043 -0.016629392246050905 0.007
   vertex -0.009427934736519957 -0.0176384252869671 0.007
  endloop
 endfacet
 facet normal 0.0 0.0 1.0
  outer loop
   vertex -0.005555702330196022 -0.008314696123025453 0.007
   vertex -0.009427934736519957 -0.0176384252869671 0.007
   vertex -0.004713967368259978 -0.00881921264348355 0.007
  endloop
 endfacet
 facet normal 0.0 0.0 -1.0
  outer loop
   vertex -0.005555702330196022 -0.008314696123025453 -0.007
   vertex -0.009427934736519957 -0.0176384252869671 -0.007
   vertex -0.011111404660392043 -0.016629392246050905 -0.007
  endloop
 endfacet
 facet normal 0.0 -0.0 -1.0
  outer loop
   vertex -0.005555702330196022 -0.008314696123025453 -0.007
   vertex -0.004713967368259978 -0.00881921264348355 -0.007
   vertex -0.009427934736519957 -0.0176384252869671 -0.007
  endloop
 endfacet
 facet normal -0.427555093430282 -0.9039892931234433 0.0
  outer loop
   vertex -0.009427934736519957 -0.0176384252869671 -0.007
   vertex -0.0076536686473018065 -0.01847759065022573 -0.007
   vertex -0.0076536686473018065 -0.01847759065022573 0.007
  endloop
 endfacet
 facet normal -0.427555093430282 -0.9039892931234433 0.0
  outer loop
   vertex -0.009427934736519957 -0.0176384252869671 -0.007
   vertex -0.0076536686473018065 -0.01847759065022573 0.007
   vertex -0.009427934736519957 -0.0176384252869671 0.007
  endloop
 endfacet
 facet normal 0.427555093430282 0.9039892931234433 -0.0
  outer loop
   vertex -0.004713967368259978 -0.00881921264348355 -0.007
   vertex -0.004713967368259978 -0.00881921264348355 0.007
   vertex -0.0038268343236509033 -0.009238795325112865 0.007
  endloop
 endfacet
 facet normal 0.427555093430282 0.9039892931234433 0.0
  outer loop
   vertex -0.004713967368259978 -0.00881921264348355 -0.007
   vertex -0.0038268343236509033 -0.009238795325112865 0.007
   vertex -0.0038268343236509033 -0.009238795325112865 -0.007
  endloop
 endfacet
 facet normal 0.0 0.0 1.0
  outer loop
   vertex -0.004713967368259978 -0.00881921264348355 0.007
   vertex -0.009427934736519957 -0.0176384252869671 0.007
   vertex -0.0076536686473018065 -0.01847759065022573 0.007
  endloop
 endfacet
 facet normal 0.0 0.0 1.0
  outer loop
   vertex -0.004713967368259978 -0.00881921264348355 0.007
   vertex -0.0076536686473018065 -0.01847759065022573 0.007
   vertex -0.0038268343236509033 -0.009238795325112865 0.007
  endloop
 endfacet
 facet normal 0.0 0.0 -1.0
  outer loop
   vertex -0.004713967368259978 -0.00881921264348355 -0.007
   vertex -0.0076536686473018065 -0.01847759065022573 -0.007
   vertex -0.009427934736519957 -0.0176384252869671 -0.007
  endloop
 endfacet
 facet normal 0.0 -0.0 -1.0
  outer loop
   vertex -0.004713967368259978 -0.00881921264348355 -0.007
   vertex -0.0038268343236509033 -0.009238795325112865 -0.007
   vertex -0.0076536686473018065 -0.01847759065022573 -0.007
  endloop
 endfacet
 facet normal -0.33688985339222155 -0.9415440651830203 0.0
  outer loop
   vertex -0.0076536686473018065 -0.01847759065022573 -0.007
   vertex -0.005805693545089249 -0.01913880671464418 -0.007
   vertex -0.005805693545089249 -0.01913880671464418 0.007
  endloop
 endfacet
 facet normal -0.33688985339222155 -0.9415440651830203 0.0
  outer loop
   vertex -0.0076536686473018065 -0.01847759065022573 -0.007
   vertex -0.005805693545089249 -0.01913880671464418 0.007
   vertex -0.0076536686473018065 -0.01847759065022573 0.007
  endloop
 endfacet
 facet normal 0.33688985339222155 0.9415440651830203 -0.0
  outer loop
   vertex -0.0038268343236509033 -0.009238795325112865 -0.007
   vertex -0.0038268343236509033 -0.009238795325112865 0.007
   vertex -0.0029028467725446244 -0.00956940335732209 0.007
  endloop
 endfacet
 facet normal 0.33688985339222155 0.9415440651830203 0.0
  outer loop
   vertex -0.0038268343236509033 -0.009238795325112865 -0.007
   vertex -0.0029028467725446244 -0.00956940335732209 0.007
   vertex -0.0029028467725446244 -0.00956940335732209 -0.007
  endloop
 endfacet
 facet normal 0.0 0.0 1.0
  outer loop
   vertex -0.0038268343236509033 -0.009238795325112865 0.007
   vertex -0.0076536686473018065 -0.01847759065022573 0.007
   vertex -0.005805693545089249 -0.01913880671464418 0.007
  endloop
 endfacet
 facet normal 0.0 0.0 1.0
  outer loop
   vertex -0.0038268343236509033 -0.009238795325112865 0.007
   vertex -0.005805693545089249 -0.01913880671464418 0.007
   vertex -0.0029028467725446244 -0.00956940335732209 0.007
  endloop
 endfacet
 facet normal 0.0 0.0 -1.0
  outer loop
   vertex -0.0038268343236509033 -0.009238795325112865 -0.007
   vertex -0.005805693545089249 -0.01913880671464418 -0.007
   vertex -0.0076536686473018065 -0.01847759065022573 -0.007
  endloop
 endfacet
 facet normal 0.0 -0.0 -1.0
  outer loop
   vertex -0.0038268343236509033 -0.009238795325112865 -0.007
   vertex -0.0029028467725446244 -0.00956940335732209 -0.007
   vertex -0.005805693545089249 -0.01913880671464418 -0.007
  endloop
 endfacet
 facet normal -0.24298017990326282 -0.9700312531945442 0.0
  outer loop
   vertex -0.005805693545089249 -0.01913880671464418 -0.007
   vertex -0.0039018064403225734 -0.019615705608064606 -0.007
   vertex -0.0039018064403225734 -0.019615705608064606 0.007
  endloop
 endfacet
 facet normal -0.24298017990326282 -0.9700312531945442 0.0
  outer loop
   vertex -0.005805693545089249 -0.01913880671464418 -0.007
   vertex -0.0039018064403225734 -0.019615705608064606 0.007
   vertex -0.005805693545089249 -0.01913880671464418 0.007
  endloop
 endfacet
 facet normal 0.24298017990326282 0.9700312531945442 -0.0
  outer loop
   vertex -0.0029028467725446244 -0.00956940335732209 -0.007
   vertex -0.0029028467725446244 -0.00956940335732209 0.007
   vertex -0.0019509032201612867 -0.009807852804032303 0.007
  endloop
 endfacet
 facet normal 0.24298017990326282 0.9700312531945442 0.0
  outer loop
   vertex -0.0029028467725446244 -0.00956940335732209 -0.007
   vertex -0.0019509032201612867 -0.009807852804032303 0.007
   vertex -0.0019509032201612867 -0.009807852804032303 -0.007
  endloop
 endfacet
 facet normal 0.0 0.0 1.0
  outer loop
   vertex -0.0029028467725446244 -0.00956940335732209 0.007
   vertex -0.005805693545089249 -0.01913880671464418 0.007
   vertex -0.0039018064403225734 -0.019615705608064606 0.007
  endloop
 endfacet
 facet normal 0.0 0.0 1.0
  outer loop
   vertex -0.0029028467725446244 -0.00956940335732209 0.007
   vertex -0.0039018064403225734 -0.019615705608064606 0.007
   vertex -0.0019509032201612867 -0.009807852804032303 0.007
  endloop
 endfacet
 facet normal 0.0 0.0 -1.0
  outer loop
   vertex -0.0029028467725446244 -0.00956940335732209 -0.007
   vertex -0.0039018064403225734 -0.019615705608064606 -0.007
   vertex -0.005805693545089249 -0.01913880671464418 -0.007
  endloop
 endfacet
 facet normal 0.0 -0.0 -1.0
  outer loop
   vertex -0.0029028467725446244 -0.00956940335732209 -0.007
   vertex -0.0019509032201612867 -0.009807852804032303 -0.007
   vertex -0.0039018064403225734 -0.019615705608064606 -0.007
  endloop
 endfacet
 facet normal -0.1467304744553624 -0.9891765099647808 0.0
  outer loop
   vertex -0.0039018064403225734 -0.019615705608064606 -0.007
   vertex -0.001960342806591209 -0.019903694533443938 -0.007
   vertex -0.001960342806591209 -0.019903694533443938 0.007
  endloop
 endfacet
 facet normal -0.1467304744553624 -0.9891765099647808 0.0
  outer loop
   vertex -0.0039018064403225734 -0.019615705608064606 -0.007
   vertex -0.001960342806591209 -0.019903694533443938 0.007
   vertex -0.0039018064403225734 -0.019615705608064606 0.007
  endloop
 endfacet
 facet normal 0.1467304744553624 0.9891765099647808 -0.0
  outer loop
   vertex -0.0019509032201612867 -0.009807852804032303 -0.007
   vertex -0.0019509032201612867 -0.009807852804032303 0.007
   vertex -0.0009801714032956045 -0.009951847266721969 0.007
  endloop
 endfacet
 facet normal 0.1467304744553624 0.9891765099647808 0.0
  outer loop
   vertex -0.0019509032201612867 -0.009807852804032303 -0.007
   vertex -0.0009801714032956045 -0.009951847266721969 0.007
   vertex -0.0009801714032956045 -0.009951847266721969 -0.007
  endloop
 endfacet
 facet normal 0.0 0.0 1.0
  outer loop
   vertex -0.0019509032201612867 -0.009807852804032303 0.007
   vertex -0.0039018064403225734 -0.019615705608064606 0.007
   vertex -0.001960342806591209 -0.019903694533443938 0.007
  endloop
 endfacet
 facet normal 0.0 0.0 1.0
  outer loop
   vertex -0.0019509032201612867 -0.009807852804032303 0.007
   vertex -0.001960342806591209 -0.019903694533443938 0.007
   vertex -0.0009801714032956045 -0.009951847266721969 0.007
  endloop
 endfacet
 facet normal 0.0 0.0 -1.0
  outer loop
   vertex -0.0019509032201612867 -0.009807852804032303 -0.007
   vertex -0.001960342806591209 -0.019903694533443938 -0.007
   vertex -0.0039018064403225734 -0.019615705608064606 -0.007
  endloop
 endfacet
 facet normal 0.0 -0.0 -1.0
  outer loop
   vertex -0.0019509032201612867 -0.009807852804032303 -0.007
   vertex -0.0009801714032956045 -0.009951847266721969 -0.007
   vertex -0.001960342806591209 -0.019903694533443938 -0.007
  endloop
 endfacet
 facet normal -0.049067674327418306 -0.9987954562051724 0.0
  outer loop
   vertex -0.001960342806591209 -0.019903694533443938 -0.007
   vertex -3.673940397442059e-18 -0.02 -0.007
   vertex -3.673940397442059e-18 -0.02 0.007
  endloop
 endfacet
 facet normal -0.049067674327418306 -0.9987954562051724 0.0
  outer loop
   vertex -0.001960342806591209 -0.019903694533443938 -0.007
   vertex -3.673940397442059e-18 -0.02 0.007
   vertex -0.001960342806591209 -0.019903694533443938 0.007
  endloop
 endfacet
 facet normal 0.049067674327418306 0.9987954562051724 -0.0
  outer loop
   vertex -0.0009801714032956045 -0.009951847266721969 -0.007
   vertex -0.0009801714032956045 -0.009951847266721969 0.007
   vertex -1.8369701987210296e-18 -0.01 0.007
  endloop
 endfacet
 facet normal 0.049067674327418306 0.9987954562051724 0.0
  outer loop
   vertex -0.0009801714032956045 -0.009951847266721969 -0.007
   vertex -1.8369701987210296e-18 -0.01 0.007
   vertex -1.8369701987210296e-18 -0.01 -0.007
  endloop
 endfacet
 facet normal 0.0 0.0 1.0
  outer loop
   vertex -0.0009801714032956045 -0.009951847266721969 0.007
   vertex -0.001960342806591209 -0.019903694533443938 0.007
   vertex -3.673940397442059e-18 -0.02 0.007
  endloop
 endfacet
 facet normal 0.0 0.0 1.0
  outer loop
   vertex -0.0009801714032956045 -0.009951847266721969 0.007
   vertex -3.673940397442059e-18 -0.02 0.007
   vertex -1.8369701987210296e-18 -0.01 0.007
  endloop
 endfacet
 facet normal 0.0 -0.0 -1.0
  outer loop
   vertex -0.0009801714032956045 -0.009951847266721969 -0.007
   vertex -3.673940397442059e-18 -0.02 -0.007
   vertex -0.001960342806591209 -0.019903694533443938 -0.007
  endloop
 endfacet
 facet normal 0.0 0.0 -1.0
  outer loop
   vertex -0.0009801714032956045 -0.009951847266721969 -0.007
   vertex -1.8369701987210296e-18 -0.01 -0.007
   vertex -3.673940397442059e-18 -0.02 -0.007
  endloop
 endfacet
 facet normal 0.04906767432741831 -0.9987954562051723 0.0
  outer loop
   vertex -3.673940397442059e-18 -0.02 -0.007
   vertex 0.0019603428065912017 -0.019903694533443938 -0.007
   vertex 0.0019603428065912017 -0.019903694533443938 0.007
  endloop
 endfacet
 facet normal 0.04906767432741831 -0.9987954562051723 0.0
  outer loop
   vertex -3.673940397442059e-18 -0.02 -0.007
   vertex 0.0019603428065912017 -0.019903694533443938 0.007
   vertex -3.673940397442059e-18 -0.02 0.007
  endloop
 endfacet
 facet normal -0.04906767432741831 0.9987954562051723 0.0
  outer loop
   vertex -1.8369701987210296e-18 -0.01 -0.007
   vertex -1.8369701987210296e-18 -0.01 0.007
   vertex 0.0009801714032956009 -0.009951847266721969 0.007
  endloop
 endfacet
 facet normal -0.04906767432741831 0.9987954562051723 0.0
  outer loop
   vertex -1.8369701987210296e-18 -0.01 -0.007
   vertex 0.0009801714032956009 -0.009951847266721969 0.007
   vertex 0.0009801714032956009 -0.009951847266721969 -0.007
  endloop
 endfacet
 facet normal 0.0 0.0 1.0
  outer loop
   vertex -1.8369701987210296e-18 -0.01 0.007
   vertex -3.673940397442059e-18 -0.02 0.007
   vertex 0.0019603428065912017 -0.019903694533443938 0.007
  endloop
 endfacet
 facet normal -0.0 0.0 1.0
  outer loop
   vertex -1.8369701987210296e-18 -0.01 0.007
   vertex 0.0019603428065912017 -0.019903694533443938 0.007
   vertex 0.0009801714032956009 -0.009951847266721969 0.007
  endloop
 endfacet
 facet normal 0.0 -0.0 -1.0
  outer loop
   vertex -1.8369701987210296e-18 -0.01 -0.007
   vertex 0.0019603428065912017 -0.019903694533443938 -0.007
   vertex -3.673940397442059e-18 -0.02 -0.007
  endloop
 endfacet
 facet normal 0.0 0.0 -1.0
  outer loop
   vertex -1.8369701987210296e-18 -0.01 -0.007
   vertex 0.0009801714032956009 -0.009951847266721969 -0.007
   vertex 0.0019603428065912017 -0.019903694533443938 -0.007
  endloop
 endfacet
 facet normal 0.14673047445536064 -0.989176509964781 0.0
  outer loop
   vertex 0.0019603428065912017 -0.019903694533443938 -0.007
   vertex 0.003901806440322566 -0.01961570560806461 -0.007
   vertex 0.003901806440322566 -0.01961570560806461 0.007
  endloop
 endfacet
 facet normal 0.14673047445536064 -0.989176509964781 0.0
  outer loop
   vertex 0.0019603428065912017 -0.019903694533443938 -0.007
   vertex 0.003901806440322566 -0.01961570560806461 0.007
   vertex 0.0019603428065912017 -0.019903694533443938 0.007
  endloop
 endfacet
 facet normal -0.14673047445536064 0.989176509964781 0.0
  outer loop
   vertex 0.0009801714032956009 -0.009951847266721969 -0.007
   vertex 0.0009801714032956009 -0.009951847266721969 0.007
   vertex 0.001950903220161283 -0.009807852804032305 0.007
  endloop
 endfacet
 facet normal -0.14673047445536064 0.989176509964781 0.0
  outer loop
   vertex 0.0009801714032956009 -0.009951847266721969 -0.007
   vertex 0.001950903220161283 -0.009807852804032305 0.007
   vertex 0.001950903220161283 -0.009807852804032305 -0.007
  endloop
 endfacet
 facet normal 0.0 0.0 1.0
  outer loop
   vertex 0.0009801714032956009 -0.009951847266721969 0.007
   vertex 0.0019603428065912017 -0.019903694533443938 0.007
   vertex 0.003901806440322566 -0.01961570560806461 0.007
  endloop
 endfacet
 facet normal -0.0 0.0 1.0
  outer loop
   vertex 0.0009801714032956009 -0.009951847266721969 0.007
   vertex 0.003901806440322566 -0.01961570560806461 0.007
   vertex 0.001950903220161283 -0.009807852804032305 0.007
  endloop
 endfacet
 facet normal 0.0 0.0 -1.0
  outer loop
   vertex 0.0009801714032956009 -0.009951847266721969 -0.007
   vertex 0.003901806440322566 -0.01961570560806461 -0.007
   vertex 0.0019603428065912017 -0.019903694533443938 -0.007
  endloop
 endfacet
 facet normal 0.0 0.0 -1.0
  outer loop
   vertex 0.0009801714032956009 -0.009951847266721969 -0.007
   vertex 0.001950903220161283 -0.009807852804032305 -0.007
   vertex 0.003901806440322566 -0.01961570560806461 -0.007
  endloop
 endfacet
 facet normal 0.24298017990326456 -0.9700312531945439 0.0
  outer loop
   vertex 0.003901806440322566 -0.01961570560806461 -0.007
   vertex 0.005805693545089241 -0.01913880671464418 -0.007
   vertex 0.005805693545089241 -0.01913880671464418 0.007
  endloop
 endfacet
 facet normal 0.24298017990326456 -0.9700312531945439 0.0
  outer loop
   vertex 0.003901806440322566 -0.01961570560806461 -0.007
   vertex 0.005805693545089241 -0.01913880671464418 0.007
   vertex 0.003901806440322566 -0.01961570560806461 0.007
  endloop
 endfacet
 facet normal -0.24298017990326456 0.9700312531945439 0.0
  outer loop
   vertex 0.001950903220161283 -0.009807852804032305 -0.007
   vertex 0.001950903220161283 -0.009807852804032305 0.007
   vertex 0.0029028467725446204 -0.00956940335732209 0.007
  endloop
 endfacet
 facet normal -0.24298017990326456 0.9700312531945439 0.0
  outer loop
   vertex 0.001950903220161283 -0.009807852804032305 -0.007
   vertex 0.0029028467725446204 -0.00956940335732209 0.007
   vertex 0.0029028467725446204 -0.00956940335732209 -0.007
  endloop
 endfacet
 facet normal 0.0 0.0 1.0
  outer loop
   vertex 0.001950903220161283 -0.009807852804032305 0.007
   vertex 0.003901806440322566 -0.01961570560806461 0.007
   vertex 0.005805693545089241 -0.01913880671464418 0.007
  endloop
 endfacet
 facet normal -0.0 0.0 1.0
  outer loop
   vertex 0.001950903220161283 -0.009807852804032305 0.007
   vertex 0.005805693545089241 -0.01913880671464418 0.007
   vertex 0.0029028467725446204 -0.00956940335732209 0.007
  endloop
 endfacet
 facet normal 0.0 0.0 -1.0
  outer loop
   vertex 0.001950903220161283 -0.009807852804032305 -0.007
   vertex 0.005805693545089241 -0.01913880671464418 -0.007
   vertex 0.003901806440322566 -0.01961570560806461 -0.007
  endloop
 endfacet
 facet normal 0.0 0.0 -1.0
  outer loop
   vertex 0.001950903220161283 -0.009807852804032305 -0.007
   vertex 0.0029028467725446204 -0.00956940335732209 -0.007
   vertex 0.005805693545089241 -0.01913880671464418 -0.007
  endloop
 endfacet
 facet normal 0.33688985339221966 -0.9415440651830209 0.0
  outer loop
   vertex 0.005805693545089241 -0.01913880671464418 -0.007
   vertex 0.0076536686473018005 -0.018477590650225733 -0.007
   vertex 0.0076536686473018005 -0.018477590650225733 0.007
  endloop
 endfacet
 facet normal 0.33688985339221966 -0.9415440651830209 0.0
  outer loop
   vertex 0.005805693545089241 -0.01913880671464418 -0.007
   vertex 0.0076536686473018005 -0.018477590650225733 0.007
   vertex 0.005805693545089241 -0.01913880671464418 0.007
  endloop
 endfacet
 facet normal -0.33688985339221966 0.9415440651830209 0.0
  outer loop
   vertex 0.0029028467725446204 -0.00956940335732209 -0.007
   vertex 0.0029028467725446204 -0.00956940335732209 0.007
   vertex 0.0038268343236509002 -0.009238795325112866 0.007
  endloop
 endfacet
 facet normal -0.33688985339221966 0.9415440651830209 0.0
  outer loop
   vertex 0.0029028467725446204 -0.00956940335732209 -0.007
   vertex 0.0038268343236509002 -0.009238795325112866 0.007
   vertex 0.0038268343236509002 -0.009238795325112866 -0.007
  endloop
 endfacet
 facet normal 0.0 0.0 1.0
  outer loop
   vertex 0.0029028467725446204 -0.00956940335732209 0.007
   vertex 0.005805693545089241 -0.01913880671464418 0.007
   vertex 0.0076536686473018005 -0.018477590650225733 0.007
  endloop
 endfacet
 facet normal -0.0 0.0 1.0
  outer loop
   vertex 0.0029028467725446204 -0.00956940335732209 0.007
   vertex 0.0076536686473018005 -0.018477590650225733 0.007
   vertex 0.0038268343236509002 -0.009238795325112866 0.007
  endloop
 endfacet
 facet normal 0.0 0.0 -1.0
  outer loop
   vertex 0.0029028467725446204 -0.00956940335732209 -0.007
   vertex 0.0076536686473018005 -0.018477590650225733 -0.007
   vertex 0.005805693545089241 -0.01913880671464418 -0.007
  endloop
 endfacet
 facet normal 0.0 0.0 -1.0
  outer loop
   vertex 0.0029028467725446204 -0.00956940335732209 -0.007
   vertex 0.0038268343236509002 -0.009238795325112866 -0.007
   vertex 0.0076536686473018005 -0.018477590650225733 -0.007
  endloop
 endfacet
 facet normal 0.4275550934302818 -0.9039892931234434 0.0
  outer loop
   vertex 0.0076536686473018005 -0.018477590650225733 -0.007
   vertex 0.009427934736519952 -0.017638425286967102 -0.007
   vertex 0.009427934736519952 -0.017638425286967102 0.007
  endloop
 endfacet
 facet normal 0.4275550934302818 -0.9039892931234434 0.0
  outer loop
   vertex 0.0076536686473018005 -0.018477590650225733 -0.007
   vertex 0.009427934736519952 -0.017638425286967102 0.007
   vertex 0.0076536686473018005 -0.018477590650225733 0.007
  endloop
 endfacet
 facet normal -0.4275550934302818 0.9039892931234434 0.0
  outer loop
   vertex 0.0038268343236509002 -0.009238795325112866 -0.007
   vertex 0.0038268343236509002 -0.009238795325112866 0.007
   vertex 0.004713967368259976 -0.008819212643483551 0.007
  endloop
 endfacet
 facet normal -0.4275550934302818 0.9039892931234434 0.0
  outer loop
   vertex 0.0038268343236509002 -0.009238795325112866 -0.007
   vertex 0.004713967368259976 -0.008819212643483551 0.007
   vertex 0.004713967368259976 -0.008819212643483551 -0.007
  endloop
 endfacet
 facet normal 0.0 0.0 1.0
  outer loop
   vertex 0.0038268343236509002 -0.009238795325112866 0.007
   vertex 0.0076536686473018005 -0.018477590650225733 0.007
   vertex 0.009427934736519952 -0.017638425286967102 0.007
  endloop
 endfacet
 facet normal -0.0 0.0 1.0
  outer loop
   vertex 0.0038268343236509002 -0.009238795325112866 0.007
   vertex 0.009427934736519952 -0.017638425286967102 0.007
   vertex 0.004713967368259976 -0.008819212643483551 0.007
  endloop
 endfacet
 facet normal 0.0 0.0 -1.0
  outer loop
   vertex 0.0038268343236509002 -0.009238795325112866 -0.007
   vertex 0.009427934736519952 -0.017638425286967102 -0.007
   vertex 0.0076536686473018005 -0.018477590650225733 -0.007
  endloop
 endfacet
 facet normal 0.0 0.0 -1.0
  outer loop
   vertex 0.0038268343236509002 -0.009238795325112866 -0.007
   vertex 0.004713967368259976 -0.008819212643483551 -0.007
   vertex 0.009427934736519952 -0.017638425286967102 -0.007
  endloop
 endfacet
 facet normal 0.5141027441932224 -0.8577286100002717 0.0
  outer loop
   vertex 0.009427934736519952 -0.017638425286967102 -0.007
   vertex 0.011111404660392036 -0.01662939224605091 -0.007
   vertex 0.011111404660392036 -0.01662939224605091 0.007
  endloop
 endfacet
 facet normal 0.5141027441932224 -0.8577286100002717 0.0
  outer loop
   vertex 0.009427934736519952 -0.017638425286967102 -0.007
   vertex 0.011111404660392036 -0.01662939224605091 0.007
   vertex 0.009427934736519952 -0.017638425286967102 0.007
  endloop
 endfacet
 facet normal -0.5141027441932224 0.8577286100002717 0.0
  outer loop
   vertex 0.004713967368259976 -0.008819212643483551 -0.007
   vertex 0.004713967368259976 -0.008819212643483551 0.007
   vertex 0.005555702330196018 -0.008314696123025454 0.007
  endloop
 endfacet
 facet normal -0.5141027441932224 0.8577286100002717 0.0
  outer loop
   vertex 0.004713967368259976 -0.008819212643483551 -0.007
   vertex 0.005555702330196018 -0.008314696123025454 0.007
   vertex 0.005555702330196018 -0.008314696123025454 -0.007
  endloop
 endfacet
 facet normal 0.0 0.0 1.0
  outer loop
   vertex 0.004713967368259976 -0.008819212643483551 0.007
   vertex 0.009427934736519952 -0.017638425286967102 0.007
   vertex 0.011111404660392036 -0.01662939224605091 0.007
  endloop
 endfacet
 facet normal -0.0 0.0 1.0
  outer loop
   vertex 0.004713967368259976 -0.008819212643483551 0.007
   vertex 0.011111404660392036 -0.01662939224605091 0.007
   vertex 0.005555702330196018 -0.008314696123025454 0.007
  endloop
 endfacet
 facet normal 0.0 0.0 -1.0
  outer loop
   vertex 0.004713967368259976 -0.008819212643483551 -0.007
   vertex 0.011111404660392036 -0.01662939224605091 -0.007
   vertex 0.009427934736519952 -0.017638425286967102 -0.007
  endloop
 endfacet
 facet normal 0.0 0.0 -1.0
  outer loop
   vertex 0.004713967368259976 -0.008819212643483551 -0.007
   vertex 0.005555702330196018 -0.008314696123025454 -0.007
   vertex 0.011111404660392036 -0.01662939224605091 -0.007
  endloop
 endfacet
 facet normal 0.5956993044924328 -0.8032075314806453 0.0
  outer loop
   vertex 0.011111404660392036 -0.01662939224605091 -0.007
   vertex 0.012687865683272912 -0.015460209067254737 -0.007
   vertex 0.012687865683272912 -0.015460209067254737 0.007
  endloop
 endfacet
 facet normal 0.5956993044924328 -0.8032075314806453 0.0
  outer loop
   vertex 0.011111404660392036 -0.01662939224605091 -0.007
   vertex 0.012687865683272912 -0.015460209067254737 0.007
   vertex 0.011111404660392036 -0.01662939224605091 0.007
  endloop
 endfacet
 facet normal -0.5956993044924328 0.8032075314806453 0.0
  outer loop
   vertex 0.005555702330196018 -0.008314696123025454 -0.007
   vertex 0.005555702330196018 -0.008314696123025454 0.007
   vertex 0.006343932841636456 -0.007730104533627369 0.007
  endloop
 endfacet
 facet normal -0.5956993044924328 0.8032075314806453 0.0
  outer loop
   vertex 0.005555702330196018 -0.008314696123025454 -0.007
   vertex 0.006343932841636456 -0.007730104533627369 0.007
   vertex 0.006343932841636456 -0.007730104533627369 -0.007
  endloop
 endfacet
 facet normal 0.0 0.0 1.0
  outer loop
   vertex 0.005555702330196018 -0.008314696123025454 0.007
   vertex 0.011111404660392036 -0.01662939224605091 0.007
   vertex 0.012687865683272912 -0.015460209067254737 0.007
  endloop
 endfacet
 facet normal -0.0 0.0 1.0
  outer loop
   vertex 0.005555702330196018 -0.008314696123025454 0.007
   vertex 0.012687865683272912 -0.015460209067254737 0.007
   vertex 0.006343932841636456 -0.007730104533627369 0.007
  endloop
 endfacet
 facet normal 0.0 0.0 -1.0
  outer loop
   vertex 0.005555702330196018 -0.008314696123025454 -0.007
   vertex 0.012687865683272912 -0.015460209067254737 -0.007
   vertex 0.011111404660392036 -0.01662939224605091 -0.007
  endloop
 endfacet
 facet normal 0.0 0.0 -1.0
  outer loop
   vertex 0.005555702330196018 -0.008314696123025454 -0.007
   vertex 0.006343932841636456 -0.007730104533627369 -0.007
   vertex 0.012687865683272912 -0.015460209067254737 -0.007
  endloop
 endfacet
 facet normal 0.6715589548470181 -0.7409511253549593 0.0
  outer loop
   vertex 0.012687865683272912 -0.015460209067254737 -0.007
   vertex 0.014142135623730947 -0.014142135623730954 -0.007
   vertex 0.014142135623730947 -0.014142135623730954 0.007
  endloop
 endfacet
 facet normal 0.6715589548470181 -0.7409511253549593 0.0
  outer loop
   vertex 0.012687865683272912 -0.015460209067254737 -0.007
   vertex 0.014142135623730947 -0.014142135623730954 0.007
   vertex 0.012687865683272912 -0.015460209067254737 0.007
  endloop
 endfacet
 facet normal -0.6715589548470181 0.7409511253549593 0.0
  outer loop
   vertex 0.006343932841636456 -0.007730104533627369 -0.007
   vertex 0.006343932841636456 -0.007730104533627369 0.007
   vertex 0.007071067811865474 -0.007071067811865477 0.007
  endloop
 endfacet
 facet normal -0.6715589548470181 0.7409511253549593 0.0
  outer loop
   vertex 0.006343932841636456 -0.007730104533627369 -0.007
   vertex 0.007071067811865474 -0.007071067811865477 0.007
   vertex 0.007071067811865474 -0.007071067811865477 -0.007
  endloop
 endfacet
 facet normal 0.0 0.0 1.0
  outer loop
   vertex 0.006343932841636456 -0.007730104533627369 0.007
   vertex 0.012687865683272912 -0.015460209067254737 0.007
   vertex 0.014142135623730947 -0.014142135623730954 0.007
  endloop
 endfacet
 facet normal -0.0 0.0 1.0
  outer loop
   vertex 0.006343932841636456 -0.007730104533627369 0.007
   vertex 0.014142135623730947 -0.014142135623730954 0.007
   vertex 0.007071067811865474 -0.007071067811865477 0.007
  endloop
 endfacet
 facet normal 0.0 0.0 -1.0
  outer loop
   vertex 0.006343932841636456 -0.007730104533627369 -0.007
   vertex 0.014142135623730947 -0.014142135623730954 -0.007
   vertex 0.012687865683272912 -0.015460209067254737 -0.007
  endloop
 endfacet
 facet normal 0.0 0.0 -1.0
  outer loop
   vertex 0.006343932841636456 -0.007730104533627369 -0.007
   vertex 0.007071067811865474 -0.007071067811865477 -0.007
   vertex 0.014142135623730947 -0.014142135623730954 -0.007
  endloop
 endfacet
 facet normal 0.7409511253549584 -0.6715589548470191 0.0
  outer loop
   vertex 0.014142135623730947 -0.014142135623730954 -0.007
   vertex 0.015460209067254734 -0.012687865683272919 -0.007
   vertex 0.015460209067254734 -0.012687865683272919 0.007
  endloop
 endfacet
 facet normal 0.7409511253549584 -0.6715589548470191 0.0
  outer loop
   vertex 0.014142135623730947 -0.014142135623730954 -0.007
   vertex 0.015460209067254734 -0.012687865683272919 0.007
   vertex 0.014142135623730947 -0.014142135623730954 0.007
  endloop
 endfacet
 facet normal -0.7409511253549584 0.6715589548470191 0.0
  outer loop
   vertex 0.007071067811865474 -0.007071067811865477 -0.007
   vertex 0.007071067811865474 -0.007071067811865477 0.007
   vertex 0.007730104533627367 -0.006343932841636459 0.007
  endloop
 endfacet
 facet normal -0.7409511253549584 0.6715589548470191 0.0
  outer loop
   vertex 0.007071067811865474 -0.007071067811865477 -0.007
   vertex 0.007730104533627367 -0.006343932841636459 0.007
   vertex 0.007730104533627367 -0.006343932841636459 -0.007
  endloop
 endfacet
 facet normal 0.0 0.0 1.0
  outer loop
   vertex 0.007071067811865474 -0.007071067811865477 0.007
   vertex 0.014142135623730947 -0.014142135623730954 0.007
   vertex 0.015460209067254734 -0.012687865683272919 0.007
  endloop
 endfacet
 facet normal -0.0 0.0 1.0
  outer loop
   vertex 0.007071067811865474 -0.007071067811865477 0.007
   vertex 0.015460209067254734 -0.012687865683272919 0.007
   vertex 0.007730104533627367 -0.006343932841636459 0.007
  endloop
 endfacet
 facet normal 0.0 0.0 -1.0
  outer loop
   vertex 0.007071067811865474 -0.007071067811865477 -0.007
   vertex 0.015460209067254734 -0.012687865683272919 -0.007
   vertex 0.014142135623730947 -0.014142135623730954 -0.007
  endloop
 endfacet
 facet normal 0.0 0.0 -1.0
  outer loop
   vertex 0.007071067811865474 -0.007071067811865477 -0.007
   vertex 0.007730104533627367 -0.006343932841636459 -0.007
   vertex 0.015460209067254734 -0.012687865683272919 -0.007
  endloop
 endfacet
 facet normal 0.8032075314806453 -0.5956993044924328 0.0
  outer loop
   vertex 0.015460209067254734 -0.012687865683272919 -0.007
   vertex 0.016629392246050905 -0.011111404660392043 -0.007
   vertex 0.016629392246050905 -0.011111404660392043 0.007
  endloop
 endfacet
 facet normal 0.8032075314806453 -0.5956993044924328 0.0
  outer loop
   vertex 0.015460209067254734 -0.012687865683272919 -0.007
   vertex 0.016629392246050905 -0.011111404660392043 0.007
   vertex 0.015460209067254734 -0.012687865683272919 0.007
  endloop
 endfacet
 facet normal -0.8032075314806453 0.5956993044924328 0.0
  outer loop
   vertex 0.007730104533627367 -0.006343932841636459 -0.007
   vertex 0.007730104533627367 -0.006343932841636459 0.007
   vertex 0.008314696123025453 -0.005555702330196022 0.007
  endloop
 endfacet
 facet normal -0.8032075314806453 0.5956993044924328 0.0
  outer loop
   vertex 0.007730104533627367 -0.006343932841636459 -0.007
   vertex 0.008314696123025453 -0.005555702330196022 0.007
   vertex 0.008314696123025453 -0.005555702330196022 -0.007
  endloop
 endfacet
 facet normal 0.0 0.0 1.0
  outer loop
   vertex 0.007730104533627367 -0.006343932841636459 0.007
   vertex 0.015460209067254734 -0.012687865683272919 0.007
   vertex 0.016629392246050905 -0.011111404660392043 0.007
  endloop
 endfacet
 facet normal -0.0 0.0 1.0
  outer loop
   vertex 0.007730104533627367 -0.006343932841636459 0.007
   vertex 0.016629392246050905 -0.011111404660392043 0.007
   vertex 0.008314696123025453 -0.005555702330196022 0.007
  endloop
 endfacet
 facet normal 0.0 0.0 -1.0
  outer loop
   vertex 0.007730104533627367 -0.006343932841636459 -0.007
   vertex 0.016629392246050905 -0.011111404660392043 -0.007
   vertex 0.015460209067254734 -0.012687865683272919 -0.007
  endloop
 endfacet
 facet normal 0.0 0.0 -1.0
  outer loop
   vertex 0.007730104533627367 -0.006343932841636459 -0.007
   vertex 0.008314696123025453 -0.005555702330196022 -0.007
   vertex 0.016629392246050905 -0.011111404660392043 -0.007
  endloop
 endfacet
 facet normal 0.8577286100002717 -0.5141027441932224 0.0
  outer loop
   vertex 0.016629392246050905 -0.011111404660392043 -0.007
   vertex 0.0176384252869671 -0.009427934736519959 -0.007
   vertex 0.0176384252869671 -0.009427934736519959 0.007
  endloop
 endfacet
 facet normal 0.8577286100002717 -0.5141027441932224 0.0
  outer loop
   vertex 0.016629392246050905 -0.011111404660392043 -0.007
   vertex 0.0176384252869671 -0.009427934736519959 0.007
   vertex 0.016629392246050905 -0.011111404660392043 0.007
  endloop
 endfacet
 facet normal -0.8577286100002717 0.5141027441932224 0.0
  outer loop
   vertex 0.008314696123025453 -0.005555702330196022 -0.007
   vertex 0.008314696123025453 -0.005555702330196022 0.007
   vertex 0.00881921264348355 -0.004713967368259979 0.007
  endloop
 endfacet
 facet normal -0.8577286100002717 0.5141027441932224 0.0
  outer loop
   vertex 0.008314696123025453 -0.005555702330196022 -0.007
   vertex 0.00881921264348355 -0.004713967368259979 0.007
   vertex 0.00881921264348355 -0.004713967368259979 -0.007
  endloop
 endfacet
 facet normal 0.0 0.0 1.0
  outer loop
   vertex 0.008314696123025453 -0.005555702330196022 0.007
   vertex 0.016629392246050905 -0.011111404660392043 0.007
   vertex 0.0176384252869671 -0.009427934736519959 0.007
  endloop
 endfacet
 facet normal -0.0 0.0 1.0
  outer loop
   vertex 0.008314696123025453 -0.005555702330196022 0.007
   vertex 0.0176384252869671 -0.009427934736519959 0.007
   vertex 0.00881921264348355 -0.004713967368259979 0.007
  endloop
 endfacet
 facet normal 0.0 0.0 -1.0
  outer loop
   vertex 0.008314696123025453 -0.005555702330196022 -0.007
   vertex 0.0176384252869671 -0.009427934736519959 -0.007
   vertex 0.016629392246050905 -0.011111404660392043 -0.007
  endloop
 endfacet
 facet normal 0.0 0.0 -1.0
  outer loop
   vertex 0.008314696123025453 -0.005555702330196022 -0.007
   vertex 0.00881921264348355 -0.004713967368259979 -0.007
   vertex 0.0176384252869671 -0.009427934736519959 -0.007
  endloop
 endfacet
 facet normal 0.9039892931234433 -0.427555093430282 0.0
  outer loop
   vertex 0.0176384252869671 -0.009427934736519959 -0.007
   vertex 0.01847759065022573 -0.007653668647301808 -0.007
   vertex 0.01847759065022573 -0.007653668647301808 0.007
  endloop
 endfacet
 facet normal 0.9039892931234433 -0.427555093430282 0.0
  outer loop
   vertex 0.0176384252869671 -0.009427934736519959 -0.007
   vertex 0.01847759065022573 -0.007653668647301808 0.007
   vertex 0.0176384252869671 -0.009427934736519959 0.007
  endloop
 endfacet
 facet normal -0.9039892931234433 0.427555093430282 0.0
  outer loop
   vertex 0.00881921264348355 -0.004713967368259979 -0.007
   vertex 0.00881921264348355 -0.004713967368259979 0.007
   vertex 0.009238795325112865 -0.003826834323650904 0.007
  endloop
 endfacet
 facet normal -0.9039892931234433 0.427555093430282 0.0
  outer loop
   vertex 0.00881921264348355 -0.004713967368259979 -0.007
   vertex 0.009238795325112865 -0.003826834323650904 0.007
   vertex 0.009238795325112865 -0.003826834323650904 -0.007
  endloop
 endfacet
 facet normal 0.0 0.0 1.0
  outer loop
   vertex 0.00881921264348355 -0.004713967368259979 0.007
   vertex 0.0176384252869671 -0.009427934736519959 0.007
   vertex 0.01847759065022573 -0.007653668647301808 0.007
  endloop
 endfacet
 facet normal -0.0 0.0 1.0
  outer loop
   vertex 0.00881921264348355 -0.004713967368259979 0.007
   vertex 0.01847759065022573 -0.007653668647301808 0.007
   vertex 0.009238795325112865 -0.003826834323650904 0.007
  endloop
 endfacet
 facet normal 0.0 0.0 -1.0
  outer loop
   vertex 0.00881921264348355 -0.004713967368259979 -0.007
   vertex 0.01847759065022573 -0.007653668647301808 -0.007
   vertex 0.0176384252869671 -0.009427934736519959 -0.007
  endloop
 endfacet
 facet normal 0.0 0.0 -1.0
  outer loop
   vertex 0.00881921264348355 -0.004713967368259979 -0.007
   vertex 0.009238795325112865 -0.003826834323650904 -0.007
   vertex 0.01847759065022573 -0.007653668647301808 -0.007
  endloop
 endfacet
 facet normal 0.9415440651830203 -0.33688985339222155 0.0
  outer loop
   vertex 0.01847759065022573 -0.007653668647301808 -0.007
   vertex 0.01913880671464418 -0.0058056935450892504 -0.007
   vertex 0.01913880671464418 -0.0058056935450892504 0.007
  endloop
 endfacet
 facet normal 0.9415440651830203 -0.33688985339222155 0.0
  outer loop
   vertex 0.01847759065022573 -0.007653668647301808 -0.007
   vertex 0.01913880671464418 -0.0058056935450892504 0.007
   vertex 0.01847759065022573 -0.007653668647301808 0.007
  endloop
 endfacet
 facet normal -0.9415440651830203 0.33688985339222155 0.0
  outer loop
   vertex 0.009238795325112865 -0.003826834323650904 -0.007
   vertex 0.009238795325112865 -0.003826834323650904 0.007
   vertex 0.00956940335732209 -0.0029028467725446252 0.007
  endloop
 endfacet
 facet normal -0.9415440651830203 0.33688985339222155 0.0
  outer loop
   vertex 0.009238795325112865 -0.003826834323650904 -0.007
   vertex 0.00956940335732209 -0.0029028467725446252 0.007
   vertex 0.00956940335732209 -0.0029028467725446252 -0.007
  endloop
 endfacet
 facet normal 0.0 0.0 1.0
  outer loop
   vertex 0.009238795325112865 -0.003826834323650904 0.007
   vertex 0.01847759065022573 -0.007653668647301808 0.007
   vertex 0.01913880671464418 -0.0058056935450892504 0.007
  endloop
 endfacet
 facet normal -0.0 0.0 1.0
  outer loop
   vertex 0.009238795325112865 -0.003826834323650904 0.007
   vertex 0.01913880671464418 -0.0058056935450892504 0.007
   vertex 0.00956940335732209 -0.0029028467725446252 0.007
  endloop
 endfacet
 facet normal 0.0 0.0 -1.0
  outer loop
   vertex 0.009238795325112865 -0.003826834323650904 -0.007
   vertex 0.01913880671464418 -0.0058056935450892504 -0.007
   vertex 0.01847759065022573 -0.007653668647301808 -0.007
  endloop
 endfacet
 facet normal 0.0 0.0 -1.0
  outer loop
   vertex 0.009238795325112865 -0.003826834323650904 -0.007
   vertex 0.00956940335732209 -0.0029028467725446252 -0.007
   vertex 0.01913880671464418 -0.0058056935450892504 -0.007
  endloop
 endfacet
 facet normal 0.9700312531945443 -0.24298017990326276 0.0
  outer loop
   vertex 0.01913880671464418 -0.0058056935450892504 -0.007
   vertex 0.019615705608064606 -0.0039018064403225747 -0.007
   vertex 0.019615705608064606 -0.0039018064403225747 0.007
  endloop
 endfacet
 facet normal 0.9700312531945443 -0.24298017990326276 0.0
  outer loop
   vertex 0.01913880671464418 -0.0058056935450892504 -0.007
   vertex 0.019615705608064606 -0.0039018064403225747 0.007
   vertex 0.01913880671464418 -0.0058056935450892504 0.007
  endloop
 endfacet
 facet normal -0.9700312531945443 0.24298017990326276 0.0
  outer loop
   vertex 0.00956940335732209 -0.0029028467725446252 -0.007
   vertex 0.00956940335732209 -0.0029028467725446252 0.007
   vertex 0.009807852804032303 -0.0019509032201612873 0.007
  endloop
 endfacet
 facet normal -0.9700312531945443 0.24298017990326276 0.0
  outer loop
   vertex 0.00956940335732209 -0.0029028467725446252 -0.007
   vertex 0.009807852804032303 -0.0019509032201612873 0.007
   vertex 0.009807852804032303 -0.0019509032201612873 -0.007
  endloop
 endfacet
 facet normal 0.0 0.0 1.0
  outer loop
   vertex 0.00956940335732209 -0.0029028467725446252 0.007
   vertex 0.01913880671464418 -0.0058056935450892504 0.007
   vertex 0.019615705608064606 -0.0039018064403225747 0.007
  endloop
 endfacet
 facet normal -0.0 0.0 1.0
  outer loop
   vertex 0.00956940335732209 -0.0029028467725446252 0.007
   vertex 0.019615705608064606 -0.0039018064403225747 0.007
   vertex 0.009807852804032303 -0.0019509032201612873 0.007
  endloop
 endfacet
 facet normal 0.0 0.0 -1.0
  outer loop
   vertex 0.00956940335732209 -0.0029028467725446252 -0.007
   vertex 0.019615705608064606 -0.0039018064403225747 -0.007
   vertex 0.01913880671464418 -0.0058056935450892504 -0.007
  endloop
 endfacet
 facet normal 0.0 0.0 -1.0
  outer loop
   vertex 0.00956940335732209 -0.0029028467725446252 -0.007
   vertex 0.009807852804032303 -0.0019509032201612873 -0.007
   vertex 0.019615705608064606 -0.0039018064403225747 -0.007
  endloop
 endfacet
 facet normal 0.9891765099647809 -0.14673047445536236 0.0
  outer loop
   vertex 0.019615705608064606 -0.0039018064403225747 -0.007
   vertex 0.019903694533443938 -0.00196034280659121 -0.007
   vertex 0.019903694533443938 -0.00196034280659121 0.007
  endloop
 endfacet
 facet normal 0.9891765099647809 -0.14673047445536236 0.0
  outer loop
   vertex 0.019615705608064606 -0.0039018064403225747 -0.007
   vertex 0.019903694533443938 -0.00196034280659121 0.007
   vertex 0.019615705608064606 -0.0039018064403225747 0.007
  endloop
 endfacet
 facet normal -0.9891765099647809 0.14673047445536236 0.0
  outer loop
   vertex 0.009807852804032303 -0.0019509032201612873 -0.007
   vertex 0.009807852804032303 -0.0019509032201612873 0.007
   vertex 0.009951847266721969 -0.000980171403295605 0.007
  endloop
 endfacet
 facet normal -0.9891765099647809 0.14673047445536236 0.0
  outer loop
   vertex 0.009807852804032303 -0.0019509032201612873 -0.007
   vertex 0.009951847266721969 -0.000980171403295605 0.007
   vertex 0.009951847266721969 -0.000980171403295605 -0.007
  endloop
 endfacet
 facet normal 0.0 0.0 1.0
  outer loop
   vertex 0.009807852804032303 -0.0019509032201612873 0.007
   vertex 0.019615705608064606 -0.0039018064403225747 0.007
   vertex 0.019903694533443938 -0.00196034280659121 0.007
  endloop
 endfacet
 facet normal -0.0 0.0 1.0
  outer loop
   vertex 0.009807852804032303 -0.0019509032201612873 0.007
   vertex 0.019903694533443938 -0.00196034280659121 0.007
   vertex 0.009951847266721969 -0.000980171403295605 0.007
  endloop
 endfacet
 facet normal 0.0 0.0 -1.0
  outer loop
   vertex 0.009807852804032303 -0.0019509032201612873 -0.007
   vertex 0.019903694533443938 -0.00196034280659121 -0.007
   vertex 0.019615705608064606 -0.0039018064403225747 -0.007
  endloop
 endfacet
 facet normal 0.0 0.0 -1.0
  outer loop
   vertex 0.009807852804032303 -0.0019509032201612873 -0.007
   vertex 0.009951847266721969 -0.000980171403295605 -0.007
   vertex 0.019903694533443938 -0.00196034280659121 -0.007
  endloop
 endfacet
 facet normal 0.9987954562051723 -0.04906767432741831 0.0
  outer loop
   vertex 0.019903694533443938 -0.00196034280659121 -0.007
   vertex 0.02 -4.898587196589413e-18 -0.007
   vertex 0.02 -4.898587196589413e-18 0.007
  endloop
 endfacet
 facet normal 0.9987954562051723 -0.04906767432741831 0.0
  outer loop
   vertex 0.019903694533443938 -0.00196034280659121 -0.007
   vertex 0.02 -4.898587196589413e-18 0.007
   vertex 0.019903694533443938 -0.00196034280659121 0.007
  endloop
 endfacet
 facet normal -0.9987954562051723 0.04906767432741831 0.0
  outer loop
   vertex 0.009951847266721969 -0.000980171403295605 -0.007
   vertex 0.009951847266721969 -0.000980171403295605 0.007
   vertex 0.01 -2.4492935982947064e-18 0.007
  endloop
 endfacet
 facet normal -0.9987954562051723 0.04906767432741831 0.0
  outer loop
   vertex 0.009951847266721969 -0.000980171403295605 -0.007
   vertex 0.01 -2.4492935982947064e-18 0.007
   vertex 0.01 -2.4492935982947064e-18 -0.007
  endloop
 endfacet
 facet normal -0.0 0.0 1.0
  outer loop
   vertex 0.009951847266721969 -0.000980171403295605 0.007
   vertex 0.019903694533443938 -0.00196034280659121 0.007
   vertex 0.02 -4.898587196589413e-18 0.007
  endloop
 endfacet
 facet normal 0.0 0.0 1.0
  outer loop
   vertex 0.009951847266721969 -0.000980171403295605 0.007
   vertex 0.02 -4.898587196589413e-18 0.007
   vertex 0.01 -2.4492935982947064e-18 0.007
  endloop
 endfacet
 facet normal 0.0 0.0 -1.0
  outer loop
   vertex 0.009951847266721969 -0.000980171403295605 -0.007
   vertex 0.02 -4.898587196589413e-18 -0.007
   vertex 0.019903694533443938 -0.00196034280659121 -0.007
  endloop
 endfacet
 facet normal 0.0 0.0 -1.0
  outer loop
   vertex 0.009951847266721969 -0.000980171403295605 -0.007
   vertex 0.01 -2.4492935982947064e-18 -0.007
   vertex 0.02 -4.898587196589413e-18 -0.007
  endloop
 endfacet
endsolid tape_ring
